studentnummer;selectiejaar;opleiding;instellingscode;groep;geslacht;herkomst;hoogste_vooropleiding;gem_eindcijfer_vo;instroom_type
10001;2021;B Gezondheidswetenschappen;DEMO;Niet gestart;;;;;
10002;2021;B Gezondheidswetenschappen;DEMO;Niet gestart;;;;;
10003;2021;B Gezondheidswetenschappen;DEMO;Niet gestart;;;;;
10004;2021;B Gezondheidswetenschappen;DEMO;Niet gestart;;;;;
10005;2021;B Gezondheidswetenschappen;DEMO;Niet gestart;;;;;
10006;2021;B Gezondheidswetenschappen;DEMO;Niet gestart;;;;;
10007;2021;B Gezondheidswetenschappen;DEMO;Niet gestart;;;;;
10008;2021;B Gezondheidswetenschappen;DEMO;Doorgestroomd naar jaar 2;vrouw;Nederland;vwo profiel cultuur & maatschappij;8.2;direct
10009;2021;B Gezondheidswetenschappen;DEMO;Niet gestart;;;;;
10010;2021;B Gezondheidswetenschappen;DEMO;Niet gestart;;;;;
10011;2021;B Gezondheidswetenschappen;DEMO;Doorgestroomd naar jaar 2;vrouw;Nederland;vwo profiel natuur & gezondheid;7.0;direct
10012;2021;B Gezondheidswetenschappen;DEMO;Niet gestart;;;;;
10013;2021;B Gezondheidswetenschappen;DEMO;Niet gestart;;;;;
10014;2021;B Gezondheidswetenschappen;DEMO;Gestart, niet naar jaar 2;vrouw;Nederland;vwo profiel natuur & gezondheid;7.7;direct
10015;2021;B Gezondheidswetenschappen;DEMO;Niet gestart;;;;;
10016;2021;B Gezondheidswetenschappen;DEMO;Doorgestroomd naar jaar 2;vrouw;Nederland;vwo profiel natuur & gezondheid;7.3;direct
10017;2021;B Gezondheidswetenschappen;DEMO;Niet gestart;;;;;
10018;2021;B Gezondheidswetenschappen;DEMO;Niet gestart;;;;;
10019;2021;B Gezondheidswetenschappen;DEMO;Niet gestart;;;;;
10020;2021;B Gezondheidswetenschappen;DEMO;Niet gestart;;;;;
10021;2021;B Gezondheidswetenschappen;DEMO;Doorgestroomd naar jaar 2;vrouw;Nederland;vwo profiel natuur & gezondheid;7.8;tussenjaar
10022;2021;B Gezondheidswetenschappen;DEMO;Niet gestart;;;;;
10023;2021;B Gezondheidswetenschappen;DEMO;Niet gestart;;;;;
10024;2021;B Gezondheidswetenschappen;DEMO;Niet gestart;;;;;
10025;2021;B Gezondheidswetenschappen;DEMO;Niet gestart;;;;;
10026;2021;B Gezondheidswetenschappen;DEMO;Niet gestart;;;;;
10027;2021;B Gezondheidswetenschappen;DEMO;Doorgestroomd naar jaar 2;man;Nederland;vwo profiel cultuur & maatschappij;6.9;tussenjaar
10028;2021;B Gezondheidswetenschappen;DEMO;Niet gestart;;;;;
10029;2021;B Gezondheidswetenschappen;DEMO;Niet gestart;;;;;
10030;2021;B Gezondheidswetenschappen;DEMO;Niet gestart;;;;;
10031;2021;B Gezondheidswetenschappen;DEMO;Doorgestroomd naar jaar 2;vrouw;westerse achtergrond;vwo profiel natuur & gezondheid;6.7;direct
10032;2021;B Gezondheidswetenschappen;DEMO;Niet gestart;;;;;
10033;2021;B Gezondheidswetenschappen;DEMO;Niet gestart;;;;;
10034;2021;B Gezondheidswetenschappen;DEMO;Niet gestart;;;;;
10035;2021;B Gezondheidswetenschappen;DEMO;Niet gestart;;;;;
10036;2021;B Gezondheidswetenschappen;DEMO;Niet gestart;;;;;
10037;2021;B Gezondheidswetenschappen;DEMO;Niet gestart;;;;;
10038;2021;B Gezondheidswetenschappen;DEMO;Niet gestart;;;;;
10039;2021;B Gezondheidswetenschappen;DEMO;Niet gestart;;;;;
10040;2021;B Gezondheidswetenschappen;DEMO;Niet gestart;;;;;
10041;2021;B Gezondheidswetenschappen;DEMO;Doorgestroomd naar jaar 2;vrouw;Nederland;vwo profiel cultuur & maatschappij;8.3;tussenjaar
10042;2021;B Gezondheidswetenschappen;DEMO;Niet gestart;;;;;
10043;2021;B Gezondheidswetenschappen;DEMO;Niet gestart;;;;;
10044;2021;B Gezondheidswetenschappen;DEMO;Niet gestart;;;;;
10045;2021;B Gezondheidswetenschappen;DEMO;Doorgestroomd naar jaar 2;vrouw;overig niet-westers;vwo profiel natuur & gezondheid;7.2;direct
10046;2021;B Gezondheidswetenschappen;DEMO;Niet gestart;;;;;
10047;2021;B Gezondheidswetenschappen;DEMO;Doorgestroomd naar jaar 2;vrouw;Nederland;vwo profiel natuur & techniek;6.9;tussenjaar
10048;2021;B Gezondheidswetenschappen;DEMO;Niet gestart;;;;;
10049;2021;B Gezondheidswetenschappen;DEMO;Niet gestart;;;;;
10050;2021;B Gezondheidswetenschappen;DEMO;Niet gestart;;;;;
10051;2021;B Gezondheidswetenschappen;DEMO;Niet gestart;;;;;
10052;2021;B Gezondheidswetenschappen;DEMO;Doorgestroomd naar jaar 2;vrouw;Nederland;vwo profiel cultuur & maatschappij;6.9;direct
10053;2021;B Gezondheidswetenschappen;DEMO;Niet gestart;;;;;
10054;2021;B Gezondheidswetenschappen;DEMO;Doorgestroomd naar jaar 2;vrouw;Nederland;vwo profiel natuur & gezondheid;7.9;direct
10055;2021;B Gezondheidswetenschappen;DEMO;Niet gestart;;;;;
10056;2021;B Gezondheidswetenschappen;DEMO;Niet gestart;;;;;
10057;2021;B Gezondheidswetenschappen;DEMO;Niet gestart;;;;;
10058;2021;B Gezondheidswetenschappen;DEMO;Doorgestroomd naar jaar 2;vrouw;Nederland;vwo profiel cultuur & maatschappij;7.2;direct
10059;2021;B Gezondheidswetenschappen;DEMO;Niet gestart;;;;;
10060;2021;B Gezondheidswetenschappen;DEMO;Niet gestart;;;;;
10061;2021;B Gezondheidswetenschappen;DEMO;Doorgestroomd naar jaar 2;vrouw;Turkije;vwo profiel cultuur & maatschappij;8.1;tussenjaar
10062;2021;B Gezondheidswetenschappen;DEMO;Niet gestart;;;;;
10063;2021;B Gezondheidswetenschappen;DEMO;Niet gestart;;;;;
10064;2021;B Gezondheidswetenschappen;DEMO;Gestart, niet naar jaar 2;man;Nederland;hbo-propedeuse;6.2;switcher
10065;2021;B Gezondheidswetenschappen;DEMO;Niet gestart;;;;;
10066;2021;B Gezondheidswetenschappen;DEMO;Niet gestart;;;;;
10067;2021;B Gezondheidswetenschappen;DEMO;Niet gestart;;;;;
10068;2021;B Gezondheidswetenschappen;DEMO;Doorgestroomd naar jaar 2;vrouw;Nederland;vwo profiel natuur & gezondheid;6.6;direct
10069;2021;B Gezondheidswetenschappen;DEMO;Gestart, niet naar jaar 2;vrouw;Nederland;vwo profiel natuur & gezondheid;8.0;tussenjaar
10070;2021;B Gezondheidswetenschappen;DEMO;Niet gestart;;;;;
10071;2021;B Gezondheidswetenschappen;DEMO;Niet gestart;;;;;
10072;2021;B Gezondheidswetenschappen;DEMO;Doorgestroomd naar jaar 2;vrouw;Nederland;vwo profiel natuur & gezondheid;6.2;tussenjaar
10073;2021;B Gezondheidswetenschappen;DEMO;Doorgestroomd naar jaar 2;vrouw;Nederland;vwo profiel economie & maatschappij;6.2;tussenjaar
10074;2021;B Gezondheidswetenschappen;DEMO;Gestart, niet naar jaar 2;vrouw;Nederland;vwo profiel economie & maatschappij;5.7;tussenjaar
10075;2021;B Gezondheidswetenschappen;DEMO;Niet gestart;;;;;
10076;2021;B Gezondheidswetenschappen;DEMO;Niet gestart;;;;;
10077;2021;B Gezondheidswetenschappen;DEMO;Niet gestart;;;;;
10078;2021;B Gezondheidswetenschappen;DEMO;Niet gestart;;;;;
10079;2021;B Gezondheidswetenschappen;DEMO;Niet gestart;;;;;
10080;2021;B Gezondheidswetenschappen;DEMO;Niet gestart;;;;;
10081;2021;B Gezondheidswetenschappen;DEMO;Doorgestroomd naar jaar 2;man;overig niet-westers;vwo profiel natuur & gezondheid;7.0;direct
10082;2021;B Gezondheidswetenschappen;DEMO;Niet gestart;;;;;
10083;2021;B Gezondheidswetenschappen;DEMO;Niet gestart;;;;;
10084;2021;B Gezondheidswetenschappen;DEMO;Gestart, niet naar jaar 2;vrouw;Nederland;vwo profiel natuur & gezondheid;7.1;tussenjaar
10085;2021;B Gezondheidswetenschappen;DEMO;Niet gestart;;;;;
10086;2021;B Gezondheidswetenschappen;DEMO;Niet gestart;;;;;
10087;2021;B Gezondheidswetenschappen;DEMO;Niet gestart;;;;;
10088;2021;B Gezondheidswetenschappen;DEMO;Niet gestart;;;;;
10089;2021;B Gezondheidswetenschappen;DEMO;Niet gestart;;;;;
10090;2021;B Gezondheidswetenschappen;DEMO;Niet gestart;;;;;
10091;2021;B Gezondheidswetenschappen;DEMO;Niet gestart;;;;;
10092;2021;B Gezondheidswetenschappen;DEMO;Niet gestart;;;;;
10093;2021;B Gezondheidswetenschappen;DEMO;Gestart, niet naar jaar 2;vrouw;Suriname/Antillen;vwo profiel natuur & gezondheid;8.5;direct
10094;2021;B Gezondheidswetenschappen;DEMO;Niet gestart;;;;;
10095;2021;B Gezondheidswetenschappen;DEMO;Niet gestart;;;;;
10096;2021;B Gezondheidswetenschappen;DEMO;Niet gestart;;;;;
10097;2021;B Gezondheidswetenschappen;DEMO;Niet gestart;;;;;
10098;2021;B Gezondheidswetenschappen;DEMO;Gestart, niet naar jaar 2;vrouw;Suriname/Antillen;vwo profiel natuur & gezondheid;7.7;direct
10099;2021;B Gezondheidswetenschappen;DEMO;Gestart, niet naar jaar 2;vrouw;westerse achtergrond;vwo profiel cultuur & maatschappij;6.9;direct
10100;2021;B Gezondheidswetenschappen;DEMO;Niet gestart;;;;;
10101;2021;B Gezondheidswetenschappen;DEMO;Doorgestroomd naar jaar 2;vrouw;Nederland;hbo-propedeuse;5.5;switcher
10102;2021;B Gezondheidswetenschappen;DEMO;Gestart, niet naar jaar 2;vrouw;Nederland;vwo profiel economie & maatschappij;6.5;direct
10103;2021;B Gezondheidswetenschappen;DEMO;Gestart, niet naar jaar 2;vrouw;Nederland;vwo profiel natuur & gezondheid;7.0;direct
10104;2021;B Gezondheidswetenschappen;DEMO;Niet gestart;;;;;
10105;2021;B Gezondheidswetenschappen;DEMO;Doorgestroomd naar jaar 2;vrouw;Nederland;vwo profiel natuur & gezondheid;8.1;direct
10106;2021;B Gezondheidswetenschappen;DEMO;Niet gestart;;;;;
10107;2021;B Gezondheidswetenschappen;DEMO;Niet gestart;;;;;
10108;2021;B Gezondheidswetenschappen;DEMO;Niet gestart;;;;;
10109;2021;B Gezondheidswetenschappen;DEMO;Niet gestart;;;;;
10110;2021;B Gezondheidswetenschappen;DEMO;Niet gestart;;;;;
10111;2021;B Gezondheidswetenschappen;DEMO;Niet gestart;;;;;
10112;2021;B Gezondheidswetenschappen;DEMO;Gestart, niet naar jaar 2;vrouw;Turkije;vwo profiel natuur & gezondheid;5.8;tussenjaar
10113;2021;B Gezondheidswetenschappen;DEMO;Niet gestart;;;;;
10114;2021;B Gezondheidswetenschappen;DEMO;Niet gestart;;;;;
10115;2021;B Gezondheidswetenschappen;DEMO;Niet gestart;;;;;
10116;2021;B Gezondheidswetenschappen;DEMO;Gestart, niet naar jaar 2;vrouw;overig niet-westers;vwo profiel natuur & gezondheid;7.2;tussenjaar
10117;2021;B Gezondheidswetenschappen;DEMO;Niet gestart;;;;;
10118;2021;B Gezondheidswetenschappen;DEMO;Niet gestart;;;;;
10119;2021;B Gezondheidswetenschappen;DEMO;Niet gestart;;;;;
10120;2021;B Gezondheidswetenschappen;DEMO;Niet gestart;;;;;
10121;2021;B Gezondheidswetenschappen;DEMO;Niet gestart;;;;;
10122;2021;B Gezondheidswetenschappen;DEMO;Gestart, niet naar jaar 2;vrouw;Nederland;vwo profiel natuur & techniek;8.1;direct
10123;2021;B Gezondheidswetenschappen;DEMO;Niet gestart;;;;;
10124;2021;B Gezondheidswetenschappen;DEMO;Niet gestart;;;;;
10125;2021;B Gezondheidswetenschappen;DEMO;Doorgestroomd naar jaar 2;vrouw;Nederland;vwo profiel natuur & gezondheid;7.5;direct
10126;2021;B Gezondheidswetenschappen;DEMO;Doorgestroomd naar jaar 2;man;overig niet-westers;vwo profiel economie & maatschappij;6.5;direct
10127;2021;B Gezondheidswetenschappen;DEMO;Niet gestart;;;;;
10128;2021;B Gezondheidswetenschappen;DEMO;Niet gestart;;;;;
10129;2021;B Gezondheidswetenschappen;DEMO;Gestart, niet naar jaar 2;vrouw;Nederland;vwo profiel natuur & gezondheid;7.5;direct
10130;2021;B Gezondheidswetenschappen;DEMO;Doorgestroomd naar jaar 2;vrouw;Nederland;vwo profiel natuur & gezondheid;7.4;tussenjaar
10131;2021;B Gezondheidswetenschappen;DEMO;Gestart, niet naar jaar 2;vrouw;Nederland;vwo profiel cultuur & maatschappij;5.9;direct
10132;2021;B Gezondheidswetenschappen;DEMO;Niet gestart;;;;;
10133;2021;B Gezondheidswetenschappen;DEMO;Niet gestart;;;;;
10134;2021;B Gezondheidswetenschappen;DEMO;Gestart, niet naar jaar 2;vrouw;Nederland;vwo profiel natuur & gezondheid;7.4;tussenjaar
10135;2021;B Gezondheidswetenschappen;DEMO;Niet gestart;;;;;
10136;2021;B Gezondheidswetenschappen;DEMO;Niet gestart;;;;;
10137;2021;B Gezondheidswetenschappen;DEMO;Niet gestart;;;;;
10138;2021;B Gezondheidswetenschappen;DEMO;Niet gestart;;;;;
10139;2021;B Gezondheidswetenschappen;DEMO;Doorgestroomd naar jaar 2;vrouw;Nederland;hbo-propedeuse;6.8;switcher
10140;2021;B Gezondheidswetenschappen;DEMO;Niet gestart;;;;;
10141;2021;B Gezondheidswetenschappen;DEMO;Doorgestroomd naar jaar 2;vrouw;westerse achtergrond;vwo profiel economie & maatschappij;7.8;direct
10142;2021;B Gezondheidswetenschappen;DEMO;Gestart, niet naar jaar 2;vrouw;Nederland;vwo profiel natuur & techniek;7.7;direct
10143;2021;B Gezondheidswetenschappen;DEMO;Niet gestart;;;;;
10144;2021;B Gezondheidswetenschappen;DEMO;Niet gestart;;;;;
10145;2021;B Gezondheidswetenschappen;DEMO;Niet gestart;;;;;
10146;2021;B Gezondheidswetenschappen;DEMO;Niet gestart;;;;;
10147;2021;B Gezondheidswetenschappen;DEMO;Doorgestroomd naar jaar 2;vrouw;westerse achtergrond;vwo profiel natuur & techniek;7.4;tussenjaar
10148;2021;B Gezondheidswetenschappen;DEMO;Niet gestart;;;;;
10149;2021;B Gezondheidswetenschappen;DEMO;Niet gestart;;;;;
10150;2021;B Gezondheidswetenschappen;DEMO;Niet gestart;;;;;
10151;2021;B Gezondheidswetenschappen;DEMO;Doorgestroomd naar jaar 2;vrouw;Nederland;vwo profiel cultuur & maatschappij;6.2;tussenjaar
10152;2021;B Gezondheidswetenschappen;DEMO;Niet gestart;;;;;
10153;2021;B Gezondheidswetenschappen;DEMO;Niet gestart;;;;;
10154;2021;B Gezondheidswetenschappen;DEMO;Niet gestart;;;;;
10155;2021;B Gezondheidswetenschappen;DEMO;Gestart, niet naar jaar 2;man;Suriname/Antillen;hbo-propedeuse;6.4;switcher
10156;2021;B Gezondheidswetenschappen;DEMO;Doorgestroomd naar jaar 2;man;Nederland;vwo profiel natuur & gezondheid;7.4;tussenjaar
10157;2021;B Gezondheidswetenschappen;DEMO;Niet gestart;;;;;
10158;2021;B Gezondheidswetenschappen;DEMO;Niet gestart;;;;;
10159;2021;B Gezondheidswetenschappen;DEMO;Gestart, niet naar jaar 2;anders;Nederland;vwo profiel natuur & gezondheid;6.7;tussenjaar
10160;2021;B Gezondheidswetenschappen;DEMO;Niet gestart;;;;;
10161;2021;B Gezondheidswetenschappen;DEMO;Niet gestart;;;;;
10162;2021;B Gezondheidswetenschappen;DEMO;Gestart, niet naar jaar 2;man;Suriname/Antillen;vwo profiel economie & maatschappij;6.3;direct
10163;2021;B Gezondheidswetenschappen;DEMO;Niet gestart;;;;;
10164;2021;B Gezondheidswetenschappen;DEMO;Niet gestart;;;;;
10165;2021;B Gezondheidswetenschappen;DEMO;Niet gestart;;;;;
10166;2021;B Gezondheidswetenschappen;DEMO;Niet gestart;;;;;
10167;2021;B Gezondheidswetenschappen;DEMO;Doorgestroomd naar jaar 2;vrouw;Nederland;vwo profiel cultuur & maatschappij;6.9;direct
10168;2021;B Gezondheidswetenschappen;DEMO;Niet gestart;;;;;
10169;2021;B Gezondheidswetenschappen;DEMO;Niet gestart;;;;;
10170;2021;B Gezondheidswetenschappen;DEMO;Doorgestroomd naar jaar 2;vrouw;Nederland;vwo profiel natuur & techniek;7.8;direct
10171;2021;B Gezondheidswetenschappen;DEMO;Niet gestart;;;;;
10172;2021;B Gezondheidswetenschappen;DEMO;Niet gestart;;;;;
10173;2021;B Gezondheidswetenschappen;DEMO;Gestart, niet naar jaar 2;man;Suriname/Antillen;vwo profiel natuur & gezondheid;6.2;direct
10174;2021;B Gezondheidswetenschappen;DEMO;Doorgestroomd naar jaar 2;vrouw;Nederland;vwo profiel economie & maatschappij;7.2;direct
10175;2021;B Gezondheidswetenschappen;DEMO;Niet gestart;;;;;
10176;2021;B Gezondheidswetenschappen;DEMO;Doorgestroomd naar jaar 2;vrouw;Turkije;vwo profiel natuur & gezondheid;7.6;direct
10177;2021;B Gezondheidswetenschappen;DEMO;Doorgestroomd naar jaar 2;man;Nederland;vwo profiel cultuur & maatschappij;7.2;direct
10178;2021;B Gezondheidswetenschappen;DEMO;Niet gestart;;;;;
10179;2021;B Gezondheidswetenschappen;DEMO;Niet gestart;;;;;
10180;2021;B Gezondheidswetenschappen;DEMO;Doorgestroomd naar jaar 2;vrouw;Nederland;vwo profiel natuur & gezondheid;6.8;tussenjaar
10181;2021;B Gezondheidswetenschappen;DEMO;Niet gestart;;;;;
10182;2021;B Gezondheidswetenschappen;DEMO;Niet gestart;;;;;
10183;2021;B Gezondheidswetenschappen;DEMO;Niet gestart;;;;;
10184;2021;B Gezondheidswetenschappen;DEMO;Niet gestart;;;;;
10185;2021;B Gezondheidswetenschappen;DEMO;Niet gestart;;;;;
10186;2021;B Gezondheidswetenschappen;DEMO;Niet gestart;;;;;
10187;2021;B Gezondheidswetenschappen;DEMO;Niet gestart;;;;;
10188;2021;B Gezondheidswetenschappen;DEMO;Gestart, niet naar jaar 2;vrouw;Marokko;vwo profiel cultuur & maatschappij;5.1;direct
10189;2021;B Gezondheidswetenschappen;DEMO;Niet gestart;;;;;
10190;2021;B Gezondheidswetenschappen;DEMO;Doorgestroomd naar jaar 2;vrouw;Nederland;hbo-propedeuse;7.3;switcher
10191;2021;B Gezondheidswetenschappen;DEMO;Doorgestroomd naar jaar 2;man;Nederland;vwo profiel natuur & gezondheid;7.6;tussenjaar
10192;2021;B Gezondheidswetenschappen;DEMO;Niet gestart;;;;;
10193;2021;B Gezondheidswetenschappen;DEMO;Niet gestart;;;;;
10194;2021;B Gezondheidswetenschappen;DEMO;Niet gestart;;;;;
10195;2021;B Gezondheidswetenschappen;DEMO;Doorgestroomd naar jaar 2;man;Nederland;vwo profiel cultuur & maatschappij;7.4;tussenjaar
10196;2021;B Gezondheidswetenschappen;DEMO;Niet gestart;;;;;
10197;2021;B Gezondheidswetenschappen;DEMO;Niet gestart;;;;;
10198;2021;B Gezondheidswetenschappen;DEMO;Gestart, niet naar jaar 2;man;Nederland;vwo profiel economie & maatschappij;7.2;tussenjaar
10199;2021;B Gezondheidswetenschappen;DEMO;Niet gestart;;;;;
10200;2021;B Gezondheidswetenschappen;DEMO;Gestart, niet naar jaar 2;vrouw;westerse achtergrond;vwo profiel natuur & gezondheid;7.4;direct
10201;2021;B Gezondheidswetenschappen;DEMO;Niet gestart;;;;;
10202;2021;B Gezondheidswetenschappen;DEMO;Niet gestart;;;;;
10203;2021;B Gezondheidswetenschappen;DEMO;Niet gestart;;;;;
10204;2021;B Gezondheidswetenschappen;DEMO;Niet gestart;;;;;
10205;2021;B Gezondheidswetenschappen;DEMO;Niet gestart;;;;;
10206;2021;B Gezondheidswetenschappen;DEMO;Niet gestart;;;;;
10207;2021;B Gezondheidswetenschappen;DEMO;Gestart, niet naar jaar 2;man;Nederland;vwo profiel economie & maatschappij;7.6;tussenjaar
10208;2021;B Gezondheidswetenschappen;DEMO;Niet gestart;;;;;
10209;2021;B Gezondheidswetenschappen;DEMO;Gestart, niet naar jaar 2;vrouw;Turkije;vwo profiel natuur & techniek;7.4;tussenjaar
10210;2021;B Gezondheidswetenschappen;DEMO;Niet gestart;;;;;
10211;2021;B Gezondheidswetenschappen;DEMO;Niet gestart;;;;;
10212;2021;B Gezondheidswetenschappen;DEMO;Niet gestart;;;;;
10213;2021;B Gezondheidswetenschappen;DEMO;Doorgestroomd naar jaar 2;vrouw;Marokko;anders;6.9;direct
10214;2021;B Gezondheidswetenschappen;DEMO;Niet gestart;;;;;
10215;2021;B Gezondheidswetenschappen;DEMO;Niet gestart;;;;;
10216;2021;B Gezondheidswetenschappen;DEMO;Niet gestart;;;;;
10217;2021;B Gezondheidswetenschappen;DEMO;Niet gestart;;;;;
10218;2021;B Gezondheidswetenschappen;DEMO;Doorgestroomd naar jaar 2;vrouw;westerse achtergrond;vwo profiel economie & maatschappij;6.9;direct
10219;2021;B Gezondheidswetenschappen;DEMO;Doorgestroomd naar jaar 2;man;Nederland;vwo profiel natuur & techniek;7.9;direct
10220;2021;B Gezondheidswetenschappen;DEMO;Niet gestart;;;;;
10221;2021;B Gezondheidswetenschappen;DEMO;Niet gestart;;;;;
10222;2021;B Gezondheidswetenschappen;DEMO;Niet gestart;;;;;
10223;2021;B Gezondheidswetenschappen;DEMO;Niet gestart;;;;;
10224;2021;B Gezondheidswetenschappen;DEMO;Gestart, niet naar jaar 2;vrouw;Nederland;vwo profiel natuur & gezondheid;7.5;direct
10225;2021;B Gezondheidswetenschappen;DEMO;Niet gestart;;;;;
10226;2021;B Gezondheidswetenschappen;DEMO;Niet gestart;;;;;
10227;2021;B Gezondheidswetenschappen;DEMO;Niet gestart;;;;;
10228;2021;B Gezondheidswetenschappen;DEMO;Niet gestart;;;;;
10229;2021;B Gezondheidswetenschappen;DEMO;Niet gestart;;;;;
10230;2021;B Gezondheidswetenschappen;DEMO;Doorgestroomd naar jaar 2;man;Nederland;vwo profiel economie & maatschappij;6.6;tussenjaar
10231;2021;B Gezondheidswetenschappen;DEMO;Niet gestart;;;;;
10232;2021;B Gezondheidswetenschappen;DEMO;Niet gestart;;;;;
10233;2021;B Gezondheidswetenschappen;DEMO;Gestart, niet naar jaar 2;vrouw;Nederland;vwo profiel natuur & techniek;7.4;direct
10234;2021;B Gezondheidswetenschappen;DEMO;Gestart, niet naar jaar 2;man;overig niet-westers;vwo profiel cultuur & maatschappij;6.7;direct
10235;2021;B Gezondheidswetenschappen;DEMO;Niet gestart;;;;;
10236;2021;B Gezondheidswetenschappen;DEMO;Niet gestart;;;;;
10237;2021;B Gezondheidswetenschappen;DEMO;Niet gestart;;;;;
10238;2021;B Gezondheidswetenschappen;DEMO;Niet gestart;;;;;
10239;2021;B Gezondheidswetenschappen;DEMO;Niet gestart;;;;;
10240;2021;B Gezondheidswetenschappen;DEMO;Gestart, niet naar jaar 2;man;Nederland;vwo profiel cultuur & maatschappij;7.3;tussenjaar
10241;2021;B Gezondheidswetenschappen;DEMO;Niet gestart;;;;;
10242;2021;B Gezondheidswetenschappen;DEMO;Niet gestart;;;;;
10243;2021;B Gezondheidswetenschappen;DEMO;Gestart, niet naar jaar 2;vrouw;Turkije;hbo-propedeuse;6.6;switcher
10244;2021;B Gezondheidswetenschappen;DEMO;Niet gestart;;;;;
10245;2021;B Gezondheidswetenschappen;DEMO;Niet gestart;;;;;
10246;2021;B Gezondheidswetenschappen;DEMO;Niet gestart;;;;;
10247;2021;B Gezondheidswetenschappen;DEMO;Gestart, niet naar jaar 2;vrouw;Nederland;vwo profiel economie & maatschappij;7.6;direct
10248;2021;B Gezondheidswetenschappen;DEMO;Gestart, niet naar jaar 2;man;Nederland;vwo profiel natuur & gezondheid;7.7;direct
10249;2021;B Gezondheidswetenschappen;DEMO;Gestart, niet naar jaar 2;vrouw;overig niet-westers;vwo profiel natuur & techniek;6.8;direct
10250;2021;B Gezondheidswetenschappen;DEMO;Niet gestart;;;;;
10251;2021;B Gezondheidswetenschappen;DEMO;Niet gestart;;;;;
10252;2021;B Gezondheidswetenschappen;DEMO;Niet gestart;;;;;
10253;2021;B Gezondheidswetenschappen;DEMO;Niet gestart;;;;;
10254;2021;B Gezondheidswetenschappen;DEMO;Niet gestart;;;;;
10255;2021;B Gezondheidswetenschappen;DEMO;Niet gestart;;;;;
10256;2021;B Gezondheidswetenschappen;DEMO;Gestart, niet naar jaar 2;vrouw;Nederland;vwo profiel natuur & techniek;7.5;direct
10257;2021;B Gezondheidswetenschappen;DEMO;Gestart, niet naar jaar 2;vrouw;Nederland;vwo profiel natuur & gezondheid;7.4;direct
10258;2021;B Gezondheidswetenschappen;DEMO;Niet gestart;;;;;
10259;2021;B Gezondheidswetenschappen;DEMO;Niet gestart;;;;;
10260;2021;B Gezondheidswetenschappen;DEMO;Niet gestart;;;;;
10261;2021;B Gezondheidswetenschappen;DEMO;Doorgestroomd naar jaar 2;vrouw;Nederland;vwo profiel economie & maatschappij;8.1;tussenjaar
10262;2021;B Gezondheidswetenschappen;DEMO;Niet gestart;;;;;
10263;2021;B Gezondheidswetenschappen;DEMO;Niet gestart;;;;;
10264;2021;B Gezondheidswetenschappen;DEMO;Niet gestart;;;;;
10265;2021;B Gezondheidswetenschappen;DEMO;Niet gestart;;;;;
10266;2021;B Gezondheidswetenschappen;DEMO;Niet gestart;;;;;
10267;2021;B Gezondheidswetenschappen;DEMO;Gestart, niet naar jaar 2;man;Nederland;hbo-propedeuse;6.8;switcher
10268;2021;B Gezondheidswetenschappen;DEMO;Niet gestart;;;;;
10269;2021;B Gezondheidswetenschappen;DEMO;Doorgestroomd naar jaar 2;man;Nederland;vwo profiel economie & maatschappij;7.2;direct
10270;2021;B Gezondheidswetenschappen;DEMO;Niet gestart;;;;;
10271;2021;B Gezondheidswetenschappen;DEMO;Doorgestroomd naar jaar 2;vrouw;Turkije;vwo profiel natuur & gezondheid;7.2;direct
10272;2021;B Gezondheidswetenschappen;DEMO;Doorgestroomd naar jaar 2;vrouw;Nederland;vwo profiel cultuur & maatschappij;6.5;direct
10273;2021;B Gezondheidswetenschappen;DEMO;Niet gestart;;;;;
10274;2021;B Gezondheidswetenschappen;DEMO;Niet gestart;;;;;
10275;2021;B Gezondheidswetenschappen;DEMO;Niet gestart;;;;;
10276;2021;B Gezondheidswetenschappen;DEMO;Doorgestroomd naar jaar 2;vrouw;Nederland;vwo profiel natuur & gezondheid;7.3;tussenjaar
10277;2021;B Gezondheidswetenschappen;DEMO;Niet gestart;;;;;
10278;2021;B Gezondheidswetenschappen;DEMO;Niet gestart;;;;;
10279;2021;B Gezondheidswetenschappen;DEMO;Niet gestart;;;;;
10280;2021;B Gezondheidswetenschappen;DEMO;Niet gestart;;;;;
10281;2021;B Gezondheidswetenschappen;DEMO;Niet gestart;;;;;
10282;2021;B Gezondheidswetenschappen;DEMO;Niet gestart;;;;;
10283;2021;B Gezondheidswetenschappen;DEMO;Doorgestroomd naar jaar 2;vrouw;Nederland;vwo profiel economie & maatschappij;7.5;tussenjaar
10284;2021;B Gezondheidswetenschappen;DEMO;Niet gestart;;;;;
10285;2021;B Gezondheidswetenschappen;DEMO;Doorgestroomd naar jaar 2;vrouw;Nederland;vwo profiel natuur & techniek;5.9;tussenjaar
10286;2021;B Gezondheidswetenschappen;DEMO;Niet gestart;;;;;
10287;2021;B Gezondheidswetenschappen;DEMO;Niet gestart;;;;;
10288;2021;B Gezondheidswetenschappen;DEMO;Niet gestart;;;;;
10289;2021;B Gezondheidswetenschappen;DEMO;Niet gestart;;;;;
10290;2021;B Gezondheidswetenschappen;DEMO;Niet gestart;;;;;
10291;2021;B Gezondheidswetenschappen;DEMO;Niet gestart;;;;;
10292;2021;B Gezondheidswetenschappen;DEMO;Niet gestart;;;;;
10293;2021;B Gezondheidswetenschappen;DEMO;Niet gestart;;;;;
10294;2021;B Gezondheidswetenschappen;DEMO;Niet gestart;;;;;
10295;2021;B Gezondheidswetenschappen;DEMO;Doorgestroomd naar jaar 2;man;westerse achtergrond;vwo profiel economie & maatschappij;6.7;tussenjaar
10296;2021;B Gezondheidswetenschappen;DEMO;Gestart, niet naar jaar 2;man;overig niet-westers;vwo profiel cultuur & maatschappij;7.1;direct
10297;2021;B Gezondheidswetenschappen;DEMO;Gestart, niet naar jaar 2;vrouw;overig niet-westers;vwo profiel natuur & gezondheid;7.1;tussenjaar
10298;2021;B Gezondheidswetenschappen;DEMO;Niet gestart;;;;;
10299;2021;B Gezondheidswetenschappen;DEMO;Doorgestroomd naar jaar 2;vrouw;Nederland;vwo profiel natuur & gezondheid;8.5;direct
10300;2021;B Gezondheidswetenschappen;DEMO;Niet gestart;;;;;
10301;2021;B Gezondheidswetenschappen;DEMO;Niet gestart;;;;;
10302;2021;B Gezondheidswetenschappen;DEMO;Niet gestart;;;;;
10303;2021;B Gezondheidswetenschappen;DEMO;Niet gestart;;;;;
10304;2021;B Gezondheidswetenschappen;DEMO;Niet gestart;;;;;
10305;2021;B Gezondheidswetenschappen;DEMO;Niet gestart;;;;;
10306;2021;B Gezondheidswetenschappen;DEMO;Niet gestart;;;;;
10307;2021;B Gezondheidswetenschappen;DEMO;Niet gestart;;;;;
10308;2021;B Gezondheidswetenschappen;DEMO;Niet gestart;;;;;
10309;2021;B Gezondheidswetenschappen;DEMO;Niet gestart;;;;;
10310;2021;B Gezondheidswetenschappen;DEMO;Niet gestart;;;;;
10311;2021;B Gezondheidswetenschappen;DEMO;Niet gestart;;;;;
10312;2021;B Gezondheidswetenschappen;DEMO;Niet gestart;;;;;
10313;2021;B Gezondheidswetenschappen;DEMO;Gestart, niet naar jaar 2;vrouw;Marokko;vwo profiel cultuur & maatschappij;8.0;direct
10314;2021;B Gezondheidswetenschappen;DEMO;Niet gestart;;;;;
10315;2021;B Gezondheidswetenschappen;DEMO;Doorgestroomd naar jaar 2;vrouw;Nederland;vwo profiel economie & maatschappij;7.2;tussenjaar
10316;2021;B Gezondheidswetenschappen;DEMO;Niet gestart;;;;;
10317;2021;B Gezondheidswetenschappen;DEMO;Doorgestroomd naar jaar 2;man;Suriname/Antillen;vwo profiel natuur & gezondheid;7.3;tussenjaar
10318;2021;B Gezondheidswetenschappen;DEMO;Niet gestart;;;;;
10319;2021;B Gezondheidswetenschappen;DEMO;Niet gestart;;;;;
10320;2021;B Gezondheidswetenschappen;DEMO;Niet gestart;;;;;
10321;2021;B Gezondheidswetenschappen;DEMO;Niet gestart;;;;;
10322;2021;B Gezondheidswetenschappen;DEMO;Niet gestart;;;;;
10323;2021;B Gezondheidswetenschappen;DEMO;Niet gestart;;;;;
10324;2021;B Gezondheidswetenschappen;DEMO;Niet gestart;;;;;
10325;2021;B Gezondheidswetenschappen;DEMO;Niet gestart;;;;;
10326;2021;B Gezondheidswetenschappen;DEMO;Doorgestroomd naar jaar 2;vrouw;Nederland;vwo profiel cultuur & maatschappij;6.0;direct
10327;2021;B Gezondheidswetenschappen;DEMO;Niet gestart;;;;;
10328;2021;B Gezondheidswetenschappen;DEMO;Gestart, niet naar jaar 2;man;westerse achtergrond;vwo profiel natuur & techniek;7.5;direct
10329;2021;B Gezondheidswetenschappen;DEMO;Niet gestart;;;;;
10330;2021;B Gezondheidswetenschappen;DEMO;Niet gestart;;;;;
10331;2021;B Gezondheidswetenschappen;DEMO;Doorgestroomd naar jaar 2;vrouw;Nederland;vwo profiel natuur & gezondheid;6.8;tussenjaar
10332;2021;B Gezondheidswetenschappen;DEMO;Niet gestart;;;;;
10333;2021;B Gezondheidswetenschappen;DEMO;Niet gestart;;;;;
10334;2021;B Gezondheidswetenschappen;DEMO;Niet gestart;;;;;
10335;2021;B Gezondheidswetenschappen;DEMO;Niet gestart;;;;;
10336;2021;B Gezondheidswetenschappen;DEMO;Niet gestart;;;;;
10337;2021;B Gezondheidswetenschappen;DEMO;Niet gestart;;;;;
10338;2021;B Gezondheidswetenschappen;DEMO;Niet gestart;;;;;
10339;2021;B Gezondheidswetenschappen;DEMO;Doorgestroomd naar jaar 2;man;westerse achtergrond;vwo profiel natuur & techniek;6.6;direct
10340;2021;B Gezondheidswetenschappen;DEMO;Niet gestart;;;;;
10341;2021;B Gezondheidswetenschappen;DEMO;Niet gestart;;;;;
10342;2021;B Gezondheidswetenschappen;DEMO;Niet gestart;;;;;
10343;2022;B Gezondheidswetenschappen;DEMO;Niet gestart;;;;;
10344;2022;B Gezondheidswetenschappen;DEMO;Niet gestart;;;;;
10345;2022;B Gezondheidswetenschappen;DEMO;Niet gestart;;;;;
10346;2022;B Gezondheidswetenschappen;DEMO;Niet gestart;;;;;
10347;2022;B Gezondheidswetenschappen;DEMO;Doorgestroomd naar jaar 2;man;westerse achtergrond;vwo profiel cultuur & maatschappij;6.7;direct
10348;2022;B Gezondheidswetenschappen;DEMO;Niet gestart;;;;;
10349;2022;B Gezondheidswetenschappen;DEMO;Niet gestart;;;;;
10350;2022;B Gezondheidswetenschappen;DEMO;Niet gestart;;;;;
10351;2022;B Gezondheidswetenschappen;DEMO;Doorgestroomd naar jaar 2;vrouw;Nederland;vwo profiel natuur & techniek;7.0;tussenjaar
10352;2022;B Gezondheidswetenschappen;DEMO;Niet gestart;;;;;
10353;2022;B Gezondheidswetenschappen;DEMO;Niet gestart;;;;;
10354;2022;B Gezondheidswetenschappen;DEMO;Niet gestart;;;;;
10355;2022;B Gezondheidswetenschappen;DEMO;Gestart, niet naar jaar 2;man;Nederland;vwo profiel natuur & gezondheid;7.8;direct
10356;2022;B Gezondheidswetenschappen;DEMO;Niet gestart;;;;;
10357;2022;B Gezondheidswetenschappen;DEMO;Doorgestroomd naar jaar 2;vrouw;Nederland;vwo profiel cultuur & maatschappij;7.7;tussenjaar
10358;2022;B Gezondheidswetenschappen;DEMO;Niet gestart;;;;;
10359;2022;B Gezondheidswetenschappen;DEMO;Doorgestroomd naar jaar 2;vrouw;westerse achtergrond;anders;6.8;direct
10360;2022;B Gezondheidswetenschappen;DEMO;Niet gestart;;;;;
10361;2022;B Gezondheidswetenschappen;DEMO;Niet gestart;;;;;
10362;2022;B Gezondheidswetenschappen;DEMO;Niet gestart;;;;;
10363;2022;B Gezondheidswetenschappen;DEMO;Niet gestart;;;;;
10364;2022;B Gezondheidswetenschappen;DEMO;Niet gestart;;;;;
10365;2022;B Gezondheidswetenschappen;DEMO;Doorgestroomd naar jaar 2;man;westerse achtergrond;vwo profiel natuur & techniek;8.0;direct
10366;2022;B Gezondheidswetenschappen;DEMO;Niet gestart;;;;;
10367;2022;B Gezondheidswetenschappen;DEMO;Gestart, niet naar jaar 2;vrouw;Nederland;vwo profiel natuur & gezondheid;7.2;direct
10368;2022;B Gezondheidswetenschappen;DEMO;Niet gestart;;;;;
10369;2022;B Gezondheidswetenschappen;DEMO;Niet gestart;;;;;
10370;2022;B Gezondheidswetenschappen;DEMO;Gestart, niet naar jaar 2;vrouw;Marokko;vwo profiel cultuur & maatschappij;7.5;direct
10371;2022;B Gezondheidswetenschappen;DEMO;Niet gestart;;;;;
10372;2022;B Gezondheidswetenschappen;DEMO;Niet gestart;;;;;
10373;2022;B Gezondheidswetenschappen;DEMO;Doorgestroomd naar jaar 2;vrouw;Suriname/Antillen;hbo-propedeuse;6.1;switcher
10374;2022;B Gezondheidswetenschappen;DEMO;Niet gestart;;;;;
10375;2022;B Gezondheidswetenschappen;DEMO;Doorgestroomd naar jaar 2;vrouw;Nederland;vwo profiel natuur & gezondheid;7.0;direct
10376;2022;B Gezondheidswetenschappen;DEMO;Niet gestart;;;;;
10377;2022;B Gezondheidswetenschappen;DEMO;Niet gestart;;;;;
10378;2022;B Gezondheidswetenschappen;DEMO;Doorgestroomd naar jaar 2;vrouw;westerse achtergrond;hbo-propedeuse;7.2;switcher
10379;2022;B Gezondheidswetenschappen;DEMO;Niet gestart;;;;;
10380;2022;B Gezondheidswetenschappen;DEMO;Niet gestart;;;;;
10381;2022;B Gezondheidswetenschappen;DEMO;Doorgestroomd naar jaar 2;vrouw;Nederland;vwo profiel natuur & gezondheid;7.0;direct
10382;2022;B Gezondheidswetenschappen;DEMO;Niet gestart;;;;;
10383;2022;B Gezondheidswetenschappen;DEMO;Niet gestart;;;;;
10384;2022;B Gezondheidswetenschappen;DEMO;Niet gestart;;;;;
10385;2022;B Gezondheidswetenschappen;DEMO;Niet gestart;;;;;
10386;2022;B Gezondheidswetenschappen;DEMO;Doorgestroomd naar jaar 2;man;Nederland;vwo profiel natuur & gezondheid;8.0;direct
10387;2022;B Gezondheidswetenschappen;DEMO;Niet gestart;;;;;
10388;2022;B Gezondheidswetenschappen;DEMO;Niet gestart;;;;;
10389;2022;B Gezondheidswetenschappen;DEMO;Niet gestart;;;;;
10390;2022;B Gezondheidswetenschappen;DEMO;Gestart, niet naar jaar 2;vrouw;Nederland;vwo profiel natuur & techniek;7.4;direct
10391;2022;B Gezondheidswetenschappen;DEMO;Niet gestart;;;;;
10392;2022;B Gezondheidswetenschappen;DEMO;Niet gestart;;;;;
10393;2022;B Gezondheidswetenschappen;DEMO;Niet gestart;;;;;
10394;2022;B Gezondheidswetenschappen;DEMO;Niet gestart;;;;;
10395;2022;B Gezondheidswetenschappen;DEMO;Niet gestart;;;;;
10396;2022;B Gezondheidswetenschappen;DEMO;Niet gestart;;;;;
10397;2022;B Gezondheidswetenschappen;DEMO;Doorgestroomd naar jaar 2;vrouw;Nederland;hbo-propedeuse;5.3;switcher
10398;2022;B Gezondheidswetenschappen;DEMO;Niet gestart;;;;;
10399;2022;B Gezondheidswetenschappen;DEMO;Niet gestart;;;;;
10400;2022;B Gezondheidswetenschappen;DEMO;Niet gestart;;;;;
10401;2022;B Gezondheidswetenschappen;DEMO;Niet gestart;;;;;
10402;2022;B Gezondheidswetenschappen;DEMO;Gestart, niet naar jaar 2;vrouw;Nederland;anders;6.9;direct
10403;2022;B Gezondheidswetenschappen;DEMO;Niet gestart;;;;;
10404;2022;B Gezondheidswetenschappen;DEMO;Niet gestart;;;;;
10405;2022;B Gezondheidswetenschappen;DEMO;Niet gestart;;;;;
10406;2022;B Gezondheidswetenschappen;DEMO;Niet gestart;;;;;
10407;2022;B Gezondheidswetenschappen;DEMO;Niet gestart;;;;;
10408;2022;B Gezondheidswetenschappen;DEMO;Niet gestart;;;;;
10409;2022;B Gezondheidswetenschappen;DEMO;Doorgestroomd naar jaar 2;vrouw;Marokko;vwo profiel natuur & techniek;6.9;direct
10410;2022;B Gezondheidswetenschappen;DEMO;Doorgestroomd naar jaar 2;man;Nederland;vwo profiel natuur & gezondheid;7.1;direct
10411;2022;B Gezondheidswetenschappen;DEMO;Niet gestart;;;;;
10412;2022;B Gezondheidswetenschappen;DEMO;Niet gestart;;;;;
10413;2022;B Gezondheidswetenschappen;DEMO;Niet gestart;;;;;
10414;2022;B Gezondheidswetenschappen;DEMO;Niet gestart;;;;;
10415;2022;B Gezondheidswetenschappen;DEMO;Gestart, niet naar jaar 2;vrouw;westerse achtergrond;vwo profiel cultuur & maatschappij;7.3;direct
10416;2022;B Gezondheidswetenschappen;DEMO;Niet gestart;;;;;
10417;2022;B Gezondheidswetenschappen;DEMO;Niet gestart;;;;;
10418;2022;B Gezondheidswetenschappen;DEMO;Doorgestroomd naar jaar 2;vrouw;Turkije;hbo-propedeuse;6.0;switcher
10419;2022;B Gezondheidswetenschappen;DEMO;Niet gestart;;;;;
10420;2022;B Gezondheidswetenschappen;DEMO;Niet gestart;;;;;
10421;2022;B Gezondheidswetenschappen;DEMO;Niet gestart;;;;;
10422;2022;B Gezondheidswetenschappen;DEMO;Niet gestart;;;;;
10423;2022;B Gezondheidswetenschappen;DEMO;Niet gestart;;;;;
10424;2022;B Gezondheidswetenschappen;DEMO;Niet gestart;;;;;
10425;2022;B Gezondheidswetenschappen;DEMO;Niet gestart;;;;;
10426;2022;B Gezondheidswetenschappen;DEMO;Gestart, niet naar jaar 2;vrouw;Nederland;vwo profiel cultuur & maatschappij;6.5;direct
10427;2022;B Gezondheidswetenschappen;DEMO;Niet gestart;;;;;
10428;2022;B Gezondheidswetenschappen;DEMO;Niet gestart;;;;;
10429;2022;B Gezondheidswetenschappen;DEMO;Niet gestart;;;;;
10430;2022;B Gezondheidswetenschappen;DEMO;Niet gestart;;;;;
10431;2022;B Gezondheidswetenschappen;DEMO;Niet gestart;;;;;
10432;2022;B Gezondheidswetenschappen;DEMO;Niet gestart;;;;;
10433;2022;B Gezondheidswetenschappen;DEMO;Doorgestroomd naar jaar 2;man;Nederland;vwo profiel natuur & techniek;5.5;direct
10434;2022;B Gezondheidswetenschappen;DEMO;Niet gestart;;;;;
10435;2022;B Gezondheidswetenschappen;DEMO;Doorgestroomd naar jaar 2;vrouw;Turkije;vwo profiel natuur & gezondheid;7.4;tussenjaar
10436;2022;B Gezondheidswetenschappen;DEMO;Doorgestroomd naar jaar 2;man;westerse achtergrond;vwo profiel cultuur & maatschappij;6.1;tussenjaar
10437;2022;B Gezondheidswetenschappen;DEMO;Doorgestroomd naar jaar 2;vrouw;Nederland;vwo profiel natuur & techniek;7.6;direct
10438;2022;B Gezondheidswetenschappen;DEMO;Niet gestart;;;;;
10439;2022;B Gezondheidswetenschappen;DEMO;Niet gestart;;;;;
10440;2022;B Gezondheidswetenschappen;DEMO;Niet gestart;;;;;
10441;2022;B Gezondheidswetenschappen;DEMO;Niet gestart;;;;;
10442;2022;B Gezondheidswetenschappen;DEMO;Niet gestart;;;;;
10443;2022;B Gezondheidswetenschappen;DEMO;Niet gestart;;;;;
10444;2022;B Gezondheidswetenschappen;DEMO;Niet gestart;;;;;
10445;2022;B Gezondheidswetenschappen;DEMO;Niet gestart;;;;;
10446;2022;B Gezondheidswetenschappen;DEMO;Niet gestart;;;;;
10447;2022;B Gezondheidswetenschappen;DEMO;Doorgestroomd naar jaar 2;man;Nederland;vwo profiel natuur & gezondheid;6.7;tussenjaar
10448;2022;B Gezondheidswetenschappen;DEMO;Niet gestart;;;;;
10449;2022;B Gezondheidswetenschappen;DEMO;Niet gestart;;;;;
10450;2022;B Gezondheidswetenschappen;DEMO;Doorgestroomd naar jaar 2;anders;westerse achtergrond;vwo profiel natuur & gezondheid;5.6;tussenjaar
10451;2022;B Gezondheidswetenschappen;DEMO;Niet gestart;;;;;
10452;2022;B Gezondheidswetenschappen;DEMO;Gestart, niet naar jaar 2;vrouw;Nederland;vwo profiel natuur & techniek;6.6;tussenjaar
10453;2022;B Gezondheidswetenschappen;DEMO;Doorgestroomd naar jaar 2;vrouw;Suriname/Antillen;vwo profiel natuur & gezondheid;7.1;tussenjaar
10454;2022;B Gezondheidswetenschappen;DEMO;Doorgestroomd naar jaar 2;vrouw;Nederland;vwo profiel natuur & gezondheid;8.0;direct
10455;2022;B Gezondheidswetenschappen;DEMO;Niet gestart;;;;;
10456;2022;B Gezondheidswetenschappen;DEMO;Niet gestart;;;;;
10457;2022;B Gezondheidswetenschappen;DEMO;Niet gestart;;;;;
10458;2022;B Gezondheidswetenschappen;DEMO;Niet gestart;;;;;
10459;2022;B Gezondheidswetenschappen;DEMO;Doorgestroomd naar jaar 2;vrouw;Nederland;vwo profiel cultuur & maatschappij;7.1;direct
10460;2022;B Gezondheidswetenschappen;DEMO;Niet gestart;;;;;
10461;2022;B Gezondheidswetenschappen;DEMO;Doorgestroomd naar jaar 2;vrouw;Nederland;vwo profiel cultuur & maatschappij;7.0;tussenjaar
10462;2022;B Gezondheidswetenschappen;DEMO;Doorgestroomd naar jaar 2;man;Nederland;vwo profiel cultuur & maatschappij;7.4;direct
10463;2022;B Gezondheidswetenschappen;DEMO;Doorgestroomd naar jaar 2;man;Nederland;vwo profiel natuur & gezondheid;6.6;direct
10464;2022;B Gezondheidswetenschappen;DEMO;Niet gestart;;;;;
10465;2022;B Gezondheidswetenschappen;DEMO;Niet gestart;;;;;
10466;2022;B Gezondheidswetenschappen;DEMO;Doorgestroomd naar jaar 2;vrouw;Nederland;vwo profiel natuur & techniek;7.6;tussenjaar
10467;2022;B Gezondheidswetenschappen;DEMO;Niet gestart;;;;;
10468;2022;B Gezondheidswetenschappen;DEMO;Niet gestart;;;;;
10469;2022;B Gezondheidswetenschappen;DEMO;Niet gestart;;;;;
10470;2022;B Gezondheidswetenschappen;DEMO;Niet gestart;;;;;
10471;2022;B Gezondheidswetenschappen;DEMO;Doorgestroomd naar jaar 2;man;westerse achtergrond;vwo profiel cultuur & maatschappij;7.3;direct
10472;2022;B Gezondheidswetenschappen;DEMO;Niet gestart;;;;;
10473;2022;B Gezondheidswetenschappen;DEMO;Niet gestart;;;;;
10474;2022;B Gezondheidswetenschappen;DEMO;Doorgestroomd naar jaar 2;vrouw;Nederland;vwo profiel natuur & gezondheid;7.1;tussenjaar
10475;2022;B Gezondheidswetenschappen;DEMO;Niet gestart;;;;;
10476;2022;B Gezondheidswetenschappen;DEMO;Niet gestart;;;;;
10477;2022;B Gezondheidswetenschappen;DEMO;Niet gestart;;;;;
10478;2022;B Gezondheidswetenschappen;DEMO;Doorgestroomd naar jaar 2;vrouw;Nederland;vwo profiel natuur & gezondheid;6.8;direct
10479;2022;B Gezondheidswetenschappen;DEMO;Niet gestart;;;;;
10480;2022;B Gezondheidswetenschappen;DEMO;Niet gestart;;;;;
10481;2022;B Gezondheidswetenschappen;DEMO;Doorgestroomd naar jaar 2;vrouw;Nederland;hbo-propedeuse;7.6;switcher
10482;2022;B Gezondheidswetenschappen;DEMO;Doorgestroomd naar jaar 2;vrouw;Nederland;vwo profiel natuur & gezondheid;7.0;direct
10483;2022;B Gezondheidswetenschappen;DEMO;Niet gestart;;;;;
10484;2022;B Gezondheidswetenschappen;DEMO;Doorgestroomd naar jaar 2;man;Nederland;vwo profiel natuur & gezondheid;6.6;direct
10485;2022;B Gezondheidswetenschappen;DEMO;Niet gestart;;;;;
10486;2022;B Gezondheidswetenschappen;DEMO;Niet gestart;;;;;
10487;2022;B Gezondheidswetenschappen;DEMO;Niet gestart;;;;;
10488;2022;B Gezondheidswetenschappen;DEMO;Niet gestart;;;;;
10489;2022;B Gezondheidswetenschappen;DEMO;Niet gestart;;;;;
10490;2022;B Gezondheidswetenschappen;DEMO;Niet gestart;;;;;
10491;2022;B Gezondheidswetenschappen;DEMO;Gestart, niet naar jaar 2;vrouw;overig niet-westers;vwo profiel economie & maatschappij;5.9;direct
10492;2022;B Gezondheidswetenschappen;DEMO;Doorgestroomd naar jaar 2;man;Suriname/Antillen;vwo profiel cultuur & maatschappij;7.5;tussenjaar
10493;2022;B Gezondheidswetenschappen;DEMO;Niet gestart;;;;;
10494;2022;B Gezondheidswetenschappen;DEMO;Gestart, niet naar jaar 2;vrouw;Nederland;vwo profiel economie & maatschappij;6.2;direct
10495;2022;B Gezondheidswetenschappen;DEMO;Niet gestart;;;;;
10496;2022;B Gezondheidswetenschappen;DEMO;Doorgestroomd naar jaar 2;vrouw;Nederland;hbo-propedeuse;6.8;switcher
10497;2022;B Gezondheidswetenschappen;DEMO;Doorgestroomd naar jaar 2;anders;Nederland;vwo profiel cultuur & maatschappij;6.7;direct
10498;2022;B Gezondheidswetenschappen;DEMO;Doorgestroomd naar jaar 2;vrouw;Nederland;vwo profiel natuur & gezondheid;6.3;tussenjaar
10499;2022;B Gezondheidswetenschappen;DEMO;Niet gestart;;;;;
10500;2022;B Gezondheidswetenschappen;DEMO;Niet gestart;;;;;
10501;2022;B Gezondheidswetenschappen;DEMO;Niet gestart;;;;;
10502;2022;B Gezondheidswetenschappen;DEMO;Niet gestart;;;;;
10503;2022;B Gezondheidswetenschappen;DEMO;Niet gestart;;;;;
10504;2022;B Gezondheidswetenschappen;DEMO;Niet gestart;;;;;
10505;2022;B Gezondheidswetenschappen;DEMO;Gestart, niet naar jaar 2;vrouw;Nederland;vwo profiel economie & maatschappij;7.1;direct
10506;2022;B Gezondheidswetenschappen;DEMO;Niet gestart;;;;;
10507;2022;B Gezondheidswetenschappen;DEMO;Niet gestart;;;;;
10508;2022;B Gezondheidswetenschappen;DEMO;Niet gestart;;;;;
10509;2022;B Gezondheidswetenschappen;DEMO;Niet gestart;;;;;
10510;2022;B Gezondheidswetenschappen;DEMO;Niet gestart;;;;;
10511;2022;B Gezondheidswetenschappen;DEMO;Niet gestart;;;;;
10512;2022;B Gezondheidswetenschappen;DEMO;Niet gestart;;;;;
10513;2022;B Gezondheidswetenschappen;DEMO;Niet gestart;;;;;
10514;2022;B Gezondheidswetenschappen;DEMO;Niet gestart;;;;;
10515;2022;B Gezondheidswetenschappen;DEMO;Gestart, niet naar jaar 2;vrouw;Nederland;vwo profiel cultuur & maatschappij;6.9;direct
10516;2022;B Gezondheidswetenschappen;DEMO;Niet gestart;;;;;
10517;2022;B Gezondheidswetenschappen;DEMO;Niet gestart;;;;;
10518;2022;B Gezondheidswetenschappen;DEMO;Doorgestroomd naar jaar 2;vrouw;Nederland;hbo-propedeuse;5.3;switcher
10519;2022;B Gezondheidswetenschappen;DEMO;Niet gestart;;;;;
10520;2022;B Gezondheidswetenschappen;DEMO;Niet gestart;;;;;
10521;2022;B Gezondheidswetenschappen;DEMO;Niet gestart;;;;;
10522;2022;B Gezondheidswetenschappen;DEMO;Gestart, niet naar jaar 2;vrouw;overig niet-westers;hbo-propedeuse;7.4;switcher
10523;2022;B Gezondheidswetenschappen;DEMO;Doorgestroomd naar jaar 2;man;Nederland;vwo profiel natuur & techniek;7.2;direct
10524;2022;B Gezondheidswetenschappen;DEMO;Doorgestroomd naar jaar 2;vrouw;Nederland;vwo profiel cultuur & maatschappij;6.1;tussenjaar
10525;2022;B Gezondheidswetenschappen;DEMO;Niet gestart;;;;;
10526;2022;B Gezondheidswetenschappen;DEMO;Niet gestart;;;;;
10527;2022;B Gezondheidswetenschappen;DEMO;Niet gestart;;;;;
10528;2022;B Gezondheidswetenschappen;DEMO;Gestart, niet naar jaar 2;vrouw;Nederland;vwo profiel natuur & gezondheid;8.0;tussenjaar
10529;2022;B Gezondheidswetenschappen;DEMO;Niet gestart;;;;;
10530;2022;B Gezondheidswetenschappen;DEMO;Niet gestart;;;;;
10531;2022;B Gezondheidswetenschappen;DEMO;Niet gestart;;;;;
10532;2022;B Gezondheidswetenschappen;DEMO;Niet gestart;;;;;
10533;2022;B Gezondheidswetenschappen;DEMO;Niet gestart;;;;;
10534;2022;B Gezondheidswetenschappen;DEMO;Niet gestart;;;;;
10535;2022;B Gezondheidswetenschappen;DEMO;Niet gestart;;;;;
10536;2022;B Gezondheidswetenschappen;DEMO;Niet gestart;;;;;
10537;2022;B Gezondheidswetenschappen;DEMO;Niet gestart;;;;;
10538;2022;B Gezondheidswetenschappen;DEMO;Doorgestroomd naar jaar 2;vrouw;Nederland;vwo profiel cultuur & maatschappij;6.5;direct
10539;2022;B Gezondheidswetenschappen;DEMO;Niet gestart;;;;;
10540;2022;B Gezondheidswetenschappen;DEMO;Niet gestart;;;;;
10541;2022;B Gezondheidswetenschappen;DEMO;Doorgestroomd naar jaar 2;vrouw;Nederland;vwo profiel natuur & gezondheid;7.1;tussenjaar
10542;2022;B Gezondheidswetenschappen;DEMO;Niet gestart;;;;;
10543;2022;B Gezondheidswetenschappen;DEMO;Niet gestart;;;;;
10544;2022;B Gezondheidswetenschappen;DEMO;Niet gestart;;;;;
10545;2022;B Gezondheidswetenschappen;DEMO;Niet gestart;;;;;
10546;2022;B Gezondheidswetenschappen;DEMO;Niet gestart;;;;;
10547;2022;B Gezondheidswetenschappen;DEMO;Niet gestart;;;;;
10548;2022;B Gezondheidswetenschappen;DEMO;Doorgestroomd naar jaar 2;vrouw;Nederland;vwo profiel economie & maatschappij;8.2;tussenjaar
10549;2022;B Gezondheidswetenschappen;DEMO;Doorgestroomd naar jaar 2;vrouw;Nederland;hbo-propedeuse;6.2;switcher
10550;2022;B Gezondheidswetenschappen;DEMO;Niet gestart;;;;;
10551;2022;B Gezondheidswetenschappen;DEMO;Niet gestart;;;;;
10552;2022;B Gezondheidswetenschappen;DEMO;Doorgestroomd naar jaar 2;man;Nederland;vwo profiel economie & maatschappij;7.3;tussenjaar
10553;2022;B Gezondheidswetenschappen;DEMO;Niet gestart;;;;;
10554;2022;B Gezondheidswetenschappen;DEMO;Niet gestart;;;;;
10555;2022;B Gezondheidswetenschappen;DEMO;Niet gestart;;;;;
10556;2022;B Gezondheidswetenschappen;DEMO;Niet gestart;;;;;
10557;2022;B Gezondheidswetenschappen;DEMO;Niet gestart;;;;;
10558;2022;B Gezondheidswetenschappen;DEMO;Niet gestart;;;;;
10559;2022;B Gezondheidswetenschappen;DEMO;Niet gestart;;;;;
10560;2022;B Gezondheidswetenschappen;DEMO;Doorgestroomd naar jaar 2;vrouw;Nederland;vwo profiel economie & maatschappij;7.1;direct
10561;2022;B Gezondheidswetenschappen;DEMO;Niet gestart;;;;;
10562;2022;B Gezondheidswetenschappen;DEMO;Niet gestart;;;;;
10563;2022;B Gezondheidswetenschappen;DEMO;Gestart, niet naar jaar 2;vrouw;Nederland;vwo profiel cultuur & maatschappij;7.1;direct
10564;2022;B Gezondheidswetenschappen;DEMO;Niet gestart;;;;;
10565;2022;B Gezondheidswetenschappen;DEMO;Niet gestart;;;;;
10566;2022;B Gezondheidswetenschappen;DEMO;Niet gestart;;;;;
10567;2022;B Gezondheidswetenschappen;DEMO;Gestart, niet naar jaar 2;man;overig niet-westers;vwo profiel economie & maatschappij;7.2;tussenjaar
10568;2022;B Gezondheidswetenschappen;DEMO;Gestart, niet naar jaar 2;vrouw;Marokko;vwo profiel natuur & techniek;7.1;direct
10569;2022;B Gezondheidswetenschappen;DEMO;Niet gestart;;;;;
10570;2022;B Gezondheidswetenschappen;DEMO;Niet gestart;;;;;
10571;2022;B Gezondheidswetenschappen;DEMO;Doorgestroomd naar jaar 2;man;westerse achtergrond;vwo profiel cultuur & maatschappij;6.3;direct
10572;2022;B Gezondheidswetenschappen;DEMO;Niet gestart;;;;;
10573;2022;B Gezondheidswetenschappen;DEMO;Niet gestart;;;;;
10574;2022;B Gezondheidswetenschappen;DEMO;Niet gestart;;;;;
10575;2022;B Gezondheidswetenschappen;DEMO;Niet gestart;;;;;
10576;2022;B Gezondheidswetenschappen;DEMO;Niet gestart;;;;;
10577;2022;B Gezondheidswetenschappen;DEMO;Gestart, niet naar jaar 2;man;Nederland;hbo-propedeuse;5.0;switcher
10578;2022;B Gezondheidswetenschappen;DEMO;Niet gestart;;;;;
10579;2022;B Gezondheidswetenschappen;DEMO;Niet gestart;;;;;
10580;2022;B Gezondheidswetenschappen;DEMO;Niet gestart;;;;;
10581;2022;B Gezondheidswetenschappen;DEMO;Niet gestart;;;;;
10582;2022;B Gezondheidswetenschappen;DEMO;Niet gestart;;;;;
10583;2022;B Gezondheidswetenschappen;DEMO;Niet gestart;;;;;
10584;2022;B Gezondheidswetenschappen;DEMO;Niet gestart;;;;;
10585;2022;B Gezondheidswetenschappen;DEMO;Gestart, niet naar jaar 2;vrouw;Nederland;vwo profiel natuur & gezondheid;7.3;direct
10586;2022;B Gezondheidswetenschappen;DEMO;Niet gestart;;;;;
10587;2022;B Gezondheidswetenschappen;DEMO;Niet gestart;;;;;
10588;2022;B Gezondheidswetenschappen;DEMO;Doorgestroomd naar jaar 2;vrouw;Nederland;vwo profiel natuur & gezondheid;7.4;direct
10589;2022;B Gezondheidswetenschappen;DEMO;Niet gestart;;;;;
10590;2022;B Gezondheidswetenschappen;DEMO;Doorgestroomd naar jaar 2;vrouw;Nederland;vwo profiel natuur & gezondheid;8.0;direct
10591;2022;B Gezondheidswetenschappen;DEMO;Doorgestroomd naar jaar 2;man;Nederland;vwo profiel cultuur & maatschappij;7.0;direct
10592;2022;B Gezondheidswetenschappen;DEMO;Niet gestart;;;;;
10593;2022;B Gezondheidswetenschappen;DEMO;Doorgestroomd naar jaar 2;vrouw;Nederland;vwo profiel cultuur & maatschappij;6.7;tussenjaar
10594;2022;B Gezondheidswetenschappen;DEMO;Niet gestart;;;;;
10595;2022;B Gezondheidswetenschappen;DEMO;Niet gestart;;;;;
10596;2022;B Gezondheidswetenschappen;DEMO;Doorgestroomd naar jaar 2;vrouw;Nederland;vwo profiel natuur & techniek;7.3;direct
10597;2022;B Gezondheidswetenschappen;DEMO;Niet gestart;;;;;
10598;2022;B Gezondheidswetenschappen;DEMO;Doorgestroomd naar jaar 2;man;Nederland;vwo profiel natuur & gezondheid;7.9;direct
10599;2022;B Gezondheidswetenschappen;DEMO;Niet gestart;;;;;
10600;2022;B Gezondheidswetenschappen;DEMO;Niet gestart;;;;;
10601;2022;B Gezondheidswetenschappen;DEMO;Niet gestart;;;;;
10602;2022;B Gezondheidswetenschappen;DEMO;Niet gestart;;;;;
10603;2022;B Gezondheidswetenschappen;DEMO;Niet gestart;;;;;
10604;2022;B Gezondheidswetenschappen;DEMO;Niet gestart;;;;;
10605;2022;B Gezondheidswetenschappen;DEMO;Niet gestart;;;;;
10606;2022;B Gezondheidswetenschappen;DEMO;Niet gestart;;;;;
10607;2022;B Gezondheidswetenschappen;DEMO;Niet gestart;;;;;
10608;2022;B Gezondheidswetenschappen;DEMO;Niet gestart;;;;;
10609;2022;B Gezondheidswetenschappen;DEMO;Niet gestart;;;;;
10610;2022;B Gezondheidswetenschappen;DEMO;Niet gestart;;;;;
10611;2022;B Gezondheidswetenschappen;DEMO;Niet gestart;;;;;
10612;2022;B Gezondheidswetenschappen;DEMO;Niet gestart;;;;;
10613;2022;B Gezondheidswetenschappen;DEMO;Doorgestroomd naar jaar 2;man;Nederland;vwo profiel cultuur & maatschappij;7.7;direct
10614;2022;B Gezondheidswetenschappen;DEMO;Gestart, niet naar jaar 2;man;Nederland;vwo profiel cultuur & maatschappij;7.2;direct
10615;2022;B Gezondheidswetenschappen;DEMO;Niet gestart;;;;;
10616;2022;B Gezondheidswetenschappen;DEMO;Doorgestroomd naar jaar 2;vrouw;Nederland;vwo profiel cultuur & maatschappij;6.8;direct
10617;2022;B Gezondheidswetenschappen;DEMO;Niet gestart;;;;;
10618;2022;B Gezondheidswetenschappen;DEMO;Doorgestroomd naar jaar 2;man;Nederland;vwo profiel natuur & gezondheid;6.2;direct
10619;2022;B Gezondheidswetenschappen;DEMO;Niet gestart;;;;;
10620;2022;B Gezondheidswetenschappen;DEMO;Doorgestroomd naar jaar 2;man;Suriname/Antillen;vwo profiel cultuur & maatschappij;6.7;direct
10621;2022;B Gezondheidswetenschappen;DEMO;Niet gestart;;;;;
10622;2022;B Gezondheidswetenschappen;DEMO;Doorgestroomd naar jaar 2;vrouw;Nederland;vwo profiel natuur & gezondheid;7.0;tussenjaar
10623;2022;B Gezondheidswetenschappen;DEMO;Gestart, niet naar jaar 2;vrouw;Marokko;vwo profiel natuur & gezondheid;6.5;tussenjaar
10624;2022;B Gezondheidswetenschappen;DEMO;Niet gestart;;;;;
10625;2022;B Gezondheidswetenschappen;DEMO;Niet gestart;;;;;
10626;2022;B Gezondheidswetenschappen;DEMO;Niet gestart;;;;;
10627;2022;B Gezondheidswetenschappen;DEMO;Niet gestart;;;;;
10628;2022;B Gezondheidswetenschappen;DEMO;Gestart, niet naar jaar 2;vrouw;Nederland;hbo-propedeuse;6.0;switcher
10629;2022;B Gezondheidswetenschappen;DEMO;Niet gestart;;;;;
10630;2022;B Gezondheidswetenschappen;DEMO;Doorgestroomd naar jaar 2;vrouw;Nederland;vwo profiel natuur & gezondheid;6.6;direct
10631;2022;B Gezondheidswetenschappen;DEMO;Niet gestart;;;;;
10632;2022;B Gezondheidswetenschappen;DEMO;Niet gestart;;;;;
10633;2022;B Gezondheidswetenschappen;DEMO;Gestart, niet naar jaar 2;vrouw;Nederland;vwo profiel natuur & gezondheid;7.4;tussenjaar
10634;2022;B Gezondheidswetenschappen;DEMO;Gestart, niet naar jaar 2;vrouw;Nederland;vwo profiel cultuur & maatschappij;6.8;direct
10635;2022;B Gezondheidswetenschappen;DEMO;Doorgestroomd naar jaar 2;vrouw;Nederland;vwo profiel natuur & gezondheid;6.8;tussenjaar
10636;2022;B Gezondheidswetenschappen;DEMO;Niet gestart;;;;;
10637;2022;B Gezondheidswetenschappen;DEMO;Niet gestart;;;;;
10638;2022;B Gezondheidswetenschappen;DEMO;Niet gestart;;;;;
10639;2022;B Gezondheidswetenschappen;DEMO;Doorgestroomd naar jaar 2;vrouw;Marokko;vwo profiel natuur & gezondheid;7.9;tussenjaar
10640;2022;B Gezondheidswetenschappen;DEMO;Niet gestart;;;;;
10641;2022;B Gezondheidswetenschappen;DEMO;Niet gestart;;;;;
10642;2022;B Gezondheidswetenschappen;DEMO;Niet gestart;;;;;
10643;2022;B Gezondheidswetenschappen;DEMO;Niet gestart;;;;;
10644;2022;B Gezondheidswetenschappen;DEMO;Niet gestart;;;;;
10645;2022;B Gezondheidswetenschappen;DEMO;Niet gestart;;;;;
10646;2022;B Gezondheidswetenschappen;DEMO;Doorgestroomd naar jaar 2;vrouw;Nederland;vwo profiel natuur & gezondheid;7.7;direct
10647;2022;B Gezondheidswetenschappen;DEMO;Gestart, niet naar jaar 2;vrouw;Turkije;vwo profiel natuur & gezondheid;6.9;direct
10648;2022;B Gezondheidswetenschappen;DEMO;Niet gestart;;;;;
10649;2022;B Gezondheidswetenschappen;DEMO;Doorgestroomd naar jaar 2;vrouw;Nederland;vwo profiel natuur & gezondheid;7.5;tussenjaar
10650;2022;B Gezondheidswetenschappen;DEMO;Niet gestart;;;;;
10651;2022;B Gezondheidswetenschappen;DEMO;Gestart, niet naar jaar 2;man;Nederland;vwo profiel natuur & gezondheid;8.1;direct
10652;2022;B Gezondheidswetenschappen;DEMO;Gestart, niet naar jaar 2;vrouw;Nederland;vwo profiel cultuur & maatschappij;7.4;direct
10653;2022;B Gezondheidswetenschappen;DEMO;Niet gestart;;;;;
10654;2022;B Gezondheidswetenschappen;DEMO;Niet gestart;;;;;
10655;2022;B Gezondheidswetenschappen;DEMO;Niet gestart;;;;;
10656;2022;B Gezondheidswetenschappen;DEMO;Doorgestroomd naar jaar 2;vrouw;westerse achtergrond;vwo profiel natuur & gezondheid;6.9;direct
10657;2022;B Gezondheidswetenschappen;DEMO;Niet gestart;;;;;
10658;2022;B Gezondheidswetenschappen;DEMO;Gestart, niet naar jaar 2;vrouw;Turkije;vwo profiel natuur & techniek;7.7;direct
10659;2022;B Gezondheidswetenschappen;DEMO;Niet gestart;;;;;
10660;2022;B Gezondheidswetenschappen;DEMO;Niet gestart;;;;;
10661;2022;B Gezondheidswetenschappen;DEMO;Niet gestart;;;;;
10662;2022;B Gezondheidswetenschappen;DEMO;Niet gestart;;;;;
10663;2022;B Gezondheidswetenschappen;DEMO;Niet gestart;;;;;
10664;2022;B Gezondheidswetenschappen;DEMO;Gestart, niet naar jaar 2;vrouw;Suriname/Antillen;vwo profiel natuur & gezondheid;7.9;tussenjaar
10665;2022;B Gezondheidswetenschappen;DEMO;Gestart, niet naar jaar 2;vrouw;Nederland;vwo profiel economie & maatschappij;6.8;direct
10666;2022;B Gezondheidswetenschappen;DEMO;Niet gestart;;;;;
10667;2022;B Gezondheidswetenschappen;DEMO;Niet gestart;;;;;
10668;2022;B Gezondheidswetenschappen;DEMO;Niet gestart;;;;;
10669;2022;B Gezondheidswetenschappen;DEMO;Gestart, niet naar jaar 2;vrouw;Nederland;hbo-propedeuse;7.0;switcher
10670;2022;B Gezondheidswetenschappen;DEMO;Niet gestart;;;;;
10671;2022;B Gezondheidswetenschappen;DEMO;Niet gestart;;;;;
10672;2022;B Gezondheidswetenschappen;DEMO;Niet gestart;;;;;
10673;2022;B Gezondheidswetenschappen;DEMO;Doorgestroomd naar jaar 2;vrouw;Nederland;vwo profiel natuur & gezondheid;7.5;direct
10674;2022;B Gezondheidswetenschappen;DEMO;Niet gestart;;;;;
10675;2022;B Gezondheidswetenschappen;DEMO;Gestart, niet naar jaar 2;man;Nederland;vwo profiel natuur & techniek;6.2;tussenjaar
10676;2022;B Gezondheidswetenschappen;DEMO;Niet gestart;;;;;
10677;2022;B Gezondheidswetenschappen;DEMO;Niet gestart;;;;;
10678;2022;B Gezondheidswetenschappen;DEMO;Niet gestart;;;;;
10679;2022;B Gezondheidswetenschappen;DEMO;Niet gestart;;;;;
10680;2022;B Gezondheidswetenschappen;DEMO;Doorgestroomd naar jaar 2;vrouw;Nederland;vwo profiel cultuur & maatschappij;6.4;tussenjaar
10681;2022;B Gezondheidswetenschappen;DEMO;Niet gestart;;;;;
10682;2022;B Gezondheidswetenschappen;DEMO;Niet gestart;;;;;
10683;2022;B Gezondheidswetenschappen;DEMO;Niet gestart;;;;;
10684;2022;B Gezondheidswetenschappen;DEMO;Doorgestroomd naar jaar 2;man;Nederland;vwo profiel cultuur & maatschappij;6.2;tussenjaar
10685;2022;B Gezondheidswetenschappen;DEMO;Niet gestart;;;;;
10686;2022;B Gezondheidswetenschappen;DEMO;Niet gestart;;;;;
10687;2022;B Gezondheidswetenschappen;DEMO;Gestart, niet naar jaar 2;man;Marokko;vwo profiel natuur & gezondheid;6.8;direct
10688;2022;B Gezondheidswetenschappen;DEMO;Niet gestart;;;;;
10689;2022;B Gezondheidswetenschappen;DEMO;Gestart, niet naar jaar 2;vrouw;Nederland;hbo-propedeuse;5.5;switcher
10690;2022;B Gezondheidswetenschappen;DEMO;Niet gestart;;;;;
10691;2022;B Gezondheidswetenschappen;DEMO;Niet gestart;;;;;
10692;2022;B Gezondheidswetenschappen;DEMO;Niet gestart;;;;;
10693;2022;B Gezondheidswetenschappen;DEMO;Niet gestart;;;;;
10694;2022;B Gezondheidswetenschappen;DEMO;Doorgestroomd naar jaar 2;vrouw;Nederland;vwo profiel natuur & gezondheid;6.8;direct
10695;2022;B Gezondheidswetenschappen;DEMO;Niet gestart;;;;;
10696;2022;B Gezondheidswetenschappen;DEMO;Niet gestart;;;;;
10697;2022;B Gezondheidswetenschappen;DEMO;Doorgestroomd naar jaar 2;vrouw;Suriname/Antillen;vwo profiel natuur & techniek;6.3;direct
10698;2022;B Gezondheidswetenschappen;DEMO;Niet gestart;;;;;
10699;2022;B Gezondheidswetenschappen;DEMO;Niet gestart;;;;;
10700;2022;B Gezondheidswetenschappen;DEMO;Doorgestroomd naar jaar 2;vrouw;Nederland;vwo profiel natuur & gezondheid;7.2;tussenjaar
10701;2022;B Gezondheidswetenschappen;DEMO;Niet gestart;;;;;
10702;2022;B Gezondheidswetenschappen;DEMO;Niet gestart;;;;;
10703;2022;B Gezondheidswetenschappen;DEMO;Niet gestart;;;;;
10704;2022;B Gezondheidswetenschappen;DEMO;Niet gestart;;;;;
10705;2022;B Gezondheidswetenschappen;DEMO;Niet gestart;;;;;
10706;2022;B Gezondheidswetenschappen;DEMO;Niet gestart;;;;;
10707;2022;B Gezondheidswetenschappen;DEMO;Niet gestart;;;;;
10708;2022;B Gezondheidswetenschappen;DEMO;Niet gestart;;;;;
10709;2022;B Gezondheidswetenschappen;DEMO;Niet gestart;;;;;
10710;2022;B Gezondheidswetenschappen;DEMO;Niet gestart;;;;;
10711;2022;B Gezondheidswetenschappen;DEMO;Niet gestart;;;;;
10712;2022;B Gezondheidswetenschappen;DEMO;Niet gestart;;;;;
10713;2022;B Gezondheidswetenschappen;DEMO;Gestart, niet naar jaar 2;vrouw;Nederland;vwo profiel economie & maatschappij;7.2;direct
10714;2022;B Gezondheidswetenschappen;DEMO;Niet gestart;;;;;
10715;2022;B Gezondheidswetenschappen;DEMO;Niet gestart;;;;;
10716;2022;B Gezondheidswetenschappen;DEMO;Niet gestart;;;;;
10717;2022;B Gezondheidswetenschappen;DEMO;Niet gestart;;;;;
10718;2022;B Gezondheidswetenschappen;DEMO;Niet gestart;;;;;
10719;2022;B Gezondheidswetenschappen;DEMO;Doorgestroomd naar jaar 2;vrouw;overig niet-westers;vwo profiel natuur & gezondheid;8.2;tussenjaar
10720;2022;B Gezondheidswetenschappen;DEMO;Doorgestroomd naar jaar 2;vrouw;Nederland;vwo profiel cultuur & maatschappij;6.4;tussenjaar
10721;2022;B Gezondheidswetenschappen;DEMO;Niet gestart;;;;;
10722;2022;B Gezondheidswetenschappen;DEMO;Niet gestart;;;;;
10723;2022;B Gezondheidswetenschappen;DEMO;Niet gestart;;;;;
10724;2022;B Gezondheidswetenschappen;DEMO;Niet gestart;;;;;
10725;2022;B Gezondheidswetenschappen;DEMO;Niet gestart;;;;;
10726;2022;B Gezondheidswetenschappen;DEMO;Gestart, niet naar jaar 2;man;Nederland;vwo profiel natuur & gezondheid;7.0;direct
10727;2022;B Gezondheidswetenschappen;DEMO;Niet gestart;;;;;
10728;2022;B Gezondheidswetenschappen;DEMO;Doorgestroomd naar jaar 2;anders;Nederland;vwo profiel natuur & techniek;8.1;direct
10729;2022;B Gezondheidswetenschappen;DEMO;Niet gestart;;;;;
10730;2022;B Gezondheidswetenschappen;DEMO;Niet gestart;;;;;
10731;2022;B Gezondheidswetenschappen;DEMO;Gestart, niet naar jaar 2;vrouw;Suriname/Antillen;vwo profiel natuur & gezondheid;5.8;direct
10732;2022;B Gezondheidswetenschappen;DEMO;Doorgestroomd naar jaar 2;man;Nederland;vwo profiel natuur & techniek;7.2;tussenjaar
10733;2022;B Gezondheidswetenschappen;DEMO;Doorgestroomd naar jaar 2;man;Nederland;vwo profiel natuur & gezondheid;6.6;tussenjaar
10734;2022;B Gezondheidswetenschappen;DEMO;Niet gestart;;;;;
10735;2022;B Gezondheidswetenschappen;DEMO;Niet gestart;;;;;
10736;2022;B Gezondheidswetenschappen;DEMO;Niet gestart;;;;;
10737;2022;B Gezondheidswetenschappen;DEMO;Niet gestart;;;;;
10738;2022;B Gezondheidswetenschappen;DEMO;Gestart, niet naar jaar 2;vrouw;Nederland;vwo profiel natuur & techniek;6.7;tussenjaar
10739;2022;B Gezondheidswetenschappen;DEMO;Niet gestart;;;;;
10740;2022;B Gezondheidswetenschappen;DEMO;Niet gestart;;;;;
10741;2022;B Gezondheidswetenschappen;DEMO;Niet gestart;;;;;
10742;2022;B Gezondheidswetenschappen;DEMO;Niet gestart;;;;;
10743;2022;B Gezondheidswetenschappen;DEMO;Niet gestart;;;;;
10744;2022;B Gezondheidswetenschappen;DEMO;Niet gestart;;;;;
10745;2022;B Gezondheidswetenschappen;DEMO;Niet gestart;;;;;
10746;2022;B Gezondheidswetenschappen;DEMO;Niet gestart;;;;;
10747;2022;B Gezondheidswetenschappen;DEMO;Niet gestart;;;;;
10748;2022;B Gezondheidswetenschappen;DEMO;Niet gestart;;;;;
10749;2022;B Gezondheidswetenschappen;DEMO;Niet gestart;;;;;
10750;2022;B Gezondheidswetenschappen;DEMO;Niet gestart;;;;;
10751;2022;B Gezondheidswetenschappen;DEMO;Niet gestart;;;;;
10752;2022;B Gezondheidswetenschappen;DEMO;Niet gestart;;;;;
10753;2022;B Gezondheidswetenschappen;DEMO;Doorgestroomd naar jaar 2;vrouw;Nederland;vwo profiel cultuur & maatschappij;5.9;direct
10754;2022;B Gezondheidswetenschappen;DEMO;Niet gestart;;;;;
10755;2022;B Gezondheidswetenschappen;DEMO;Niet gestart;;;;;
10756;2022;B Gezondheidswetenschappen;DEMO;Niet gestart;;;;;
10757;2022;B Gezondheidswetenschappen;DEMO;Niet gestart;;;;;
10758;2022;B Gezondheidswetenschappen;DEMO;Niet gestart;;;;;
10759;2022;B Gezondheidswetenschappen;DEMO;Gestart, niet naar jaar 2;man;Nederland;anders;6.8;direct
10760;2022;B Gezondheidswetenschappen;DEMO;Niet gestart;;;;;
10761;2023;B Gezondheidswetenschappen;DEMO;Niet gestart;;;;;
10762;2023;B Gezondheidswetenschappen;DEMO;Niet gestart;;;;;
10763;2023;B Gezondheidswetenschappen;DEMO;Niet gestart;;;;;
10764;2023;B Gezondheidswetenschappen;DEMO;Niet gestart;;;;;
10765;2023;B Gezondheidswetenschappen;DEMO;Niet gestart;;;;;
10766;2023;B Gezondheidswetenschappen;DEMO;Niet gestart;;;;;
10767;2023;B Gezondheidswetenschappen;DEMO;Niet gestart;;;;;
10768;2023;B Gezondheidswetenschappen;DEMO;Niet gestart;;;;;
10769;2023;B Gezondheidswetenschappen;DEMO;Gestart, niet naar jaar 2;vrouw;Suriname/Antillen;vwo profiel natuur & gezondheid;6.6;tussenjaar
10770;2023;B Gezondheidswetenschappen;DEMO;Niet gestart;;;;;
10771;2023;B Gezondheidswetenschappen;DEMO;Niet gestart;;;;;
10772;2023;B Gezondheidswetenschappen;DEMO;Niet gestart;;;;;
10773;2023;B Gezondheidswetenschappen;DEMO;Niet gestart;;;;;
10774;2023;B Gezondheidswetenschappen;DEMO;Niet gestart;;;;;
10775;2023;B Gezondheidswetenschappen;DEMO;Gestart, niet naar jaar 2;vrouw;Marokko;vwo profiel natuur & gezondheid;7.3;direct
10776;2023;B Gezondheidswetenschappen;DEMO;Niet gestart;;;;;
10777;2023;B Gezondheidswetenschappen;DEMO;Niet gestart;;;;;
10778;2023;B Gezondheidswetenschappen;DEMO;Niet gestart;;;;;
10779;2023;B Gezondheidswetenschappen;DEMO;Niet gestart;;;;;
10780;2023;B Gezondheidswetenschappen;DEMO;Niet gestart;;;;;
10781;2023;B Gezondheidswetenschappen;DEMO;Doorgestroomd naar jaar 2;man;Suriname/Antillen;vwo profiel cultuur & maatschappij;6.7;direct
10782;2023;B Gezondheidswetenschappen;DEMO;Doorgestroomd naar jaar 2;vrouw;Nederland;vwo profiel economie & maatschappij;7.0;direct
10783;2023;B Gezondheidswetenschappen;DEMO;Niet gestart;;;;;
10784;2023;B Gezondheidswetenschappen;DEMO;Niet gestart;;;;;
10785;2023;B Gezondheidswetenschappen;DEMO;Niet gestart;;;;;
10786;2023;B Gezondheidswetenschappen;DEMO;Doorgestroomd naar jaar 2;man;overig niet-westers;vwo profiel economie & maatschappij;7.2;direct
10787;2023;B Gezondheidswetenschappen;DEMO;Doorgestroomd naar jaar 2;vrouw;Nederland;anders;6.4;tussenjaar
10788;2023;B Gezondheidswetenschappen;DEMO;Niet gestart;;;;;
10789;2023;B Gezondheidswetenschappen;DEMO;Niet gestart;;;;;
10790;2023;B Gezondheidswetenschappen;DEMO;Doorgestroomd naar jaar 2;man;Nederland;vwo profiel cultuur & maatschappij;7.4;direct
10791;2023;B Gezondheidswetenschappen;DEMO;Niet gestart;;;;;
10792;2023;B Gezondheidswetenschappen;DEMO;Niet gestart;;;;;
10793;2023;B Gezondheidswetenschappen;DEMO;Niet gestart;;;;;
10794;2023;B Gezondheidswetenschappen;DEMO;Niet gestart;;;;;
10795;2023;B Gezondheidswetenschappen;DEMO;Niet gestart;;;;;
10796;2023;B Gezondheidswetenschappen;DEMO;Niet gestart;;;;;
10797;2023;B Gezondheidswetenschappen;DEMO;Niet gestart;;;;;
10798;2023;B Gezondheidswetenschappen;DEMO;Niet gestart;;;;;
10799;2023;B Gezondheidswetenschappen;DEMO;Niet gestart;;;;;
10800;2023;B Gezondheidswetenschappen;DEMO;Doorgestroomd naar jaar 2;vrouw;Suriname/Antillen;hbo-propedeuse;6.1;switcher
10801;2023;B Gezondheidswetenschappen;DEMO;Doorgestroomd naar jaar 2;man;Nederland;vwo profiel natuur & gezondheid;7.3;tussenjaar
10802;2023;B Gezondheidswetenschappen;DEMO;Niet gestart;;;;;
10803;2023;B Gezondheidswetenschappen;DEMO;Niet gestart;;;;;
10804;2023;B Gezondheidswetenschappen;DEMO;Niet gestart;;;;;
10805;2023;B Gezondheidswetenschappen;DEMO;Gestart, niet naar jaar 2;man;Nederland;vwo profiel natuur & gezondheid;6.9;tussenjaar
10806;2023;B Gezondheidswetenschappen;DEMO;Niet gestart;;;;;
10807;2023;B Gezondheidswetenschappen;DEMO;Niet gestart;;;;;
10808;2023;B Gezondheidswetenschappen;DEMO;Niet gestart;;;;;
10809;2023;B Gezondheidswetenschappen;DEMO;Niet gestart;;;;;
10810;2023;B Gezondheidswetenschappen;DEMO;Niet gestart;;;;;
10811;2023;B Gezondheidswetenschappen;DEMO;Niet gestart;;;;;
10812;2023;B Gezondheidswetenschappen;DEMO;Doorgestroomd naar jaar 2;man;Marokko;vwo profiel natuur & techniek;7.6;tussenjaar
10813;2023;B Gezondheidswetenschappen;DEMO;Niet gestart;;;;;
10814;2023;B Gezondheidswetenschappen;DEMO;Doorgestroomd naar jaar 2;vrouw;Nederland;vwo profiel natuur & gezondheid;7.6;tussenjaar
10815;2023;B Gezondheidswetenschappen;DEMO;Niet gestart;;;;;
10816;2023;B Gezondheidswetenschappen;DEMO;Niet gestart;;;;;
10817;2023;B Gezondheidswetenschappen;DEMO;Niet gestart;;;;;
10818;2023;B Gezondheidswetenschappen;DEMO;Niet gestart;;;;;
10819;2023;B Gezondheidswetenschappen;DEMO;Doorgestroomd naar jaar 2;man;overig niet-westers;vwo profiel natuur & techniek;8.9;direct
10820;2023;B Gezondheidswetenschappen;DEMO;Doorgestroomd naar jaar 2;man;Nederland;vwo profiel cultuur & maatschappij;6.3;direct
10821;2023;B Gezondheidswetenschappen;DEMO;Doorgestroomd naar jaar 2;man;Nederland;hbo-propedeuse;5.7;switcher
10822;2023;B Gezondheidswetenschappen;DEMO;Niet gestart;;;;;
10823;2023;B Gezondheidswetenschappen;DEMO;Niet gestart;;;;;
10824;2023;B Gezondheidswetenschappen;DEMO;Niet gestart;;;;;
10825;2023;B Gezondheidswetenschappen;DEMO;Niet gestart;;;;;
10826;2023;B Gezondheidswetenschappen;DEMO;Niet gestart;;;;;
10827;2023;B Gezondheidswetenschappen;DEMO;Niet gestart;;;;;
10828;2023;B Gezondheidswetenschappen;DEMO;Niet gestart;;;;;
10829;2023;B Gezondheidswetenschappen;DEMO;Niet gestart;;;;;
10830;2023;B Gezondheidswetenschappen;DEMO;Gestart, niet naar jaar 2;vrouw;Turkije;vwo profiel natuur & techniek;7.9;direct
10831;2023;B Gezondheidswetenschappen;DEMO;Niet gestart;;;;;
10832;2023;B Gezondheidswetenschappen;DEMO;Niet gestart;;;;;
10833;2023;B Gezondheidswetenschappen;DEMO;Niet gestart;;;;;
10834;2023;B Gezondheidswetenschappen;DEMO;Doorgestroomd naar jaar 2;vrouw;Nederland;vwo profiel natuur & techniek;7.3;direct
10835;2023;B Gezondheidswetenschappen;DEMO;Niet gestart;;;;;
10836;2023;B Gezondheidswetenschappen;DEMO;Niet gestart;;;;;
10837;2023;B Gezondheidswetenschappen;DEMO;Niet gestart;;;;;
10838;2023;B Gezondheidswetenschappen;DEMO;Niet gestart;;;;;
10839;2023;B Gezondheidswetenschappen;DEMO;Niet gestart;;;;;
10840;2023;B Gezondheidswetenschappen;DEMO;Niet gestart;;;;;
10841;2023;B Gezondheidswetenschappen;DEMO;Niet gestart;;;;;
10842;2023;B Gezondheidswetenschappen;DEMO;Doorgestroomd naar jaar 2;vrouw;Marokko;vwo profiel cultuur & maatschappij;7.5;direct
10843;2023;B Gezondheidswetenschappen;DEMO;Niet gestart;;;;;
10844;2023;B Gezondheidswetenschappen;DEMO;Doorgestroomd naar jaar 2;man;Nederland;vwo profiel natuur & gezondheid;6.7;direct
10845;2023;B Gezondheidswetenschappen;DEMO;Niet gestart;;;;;
10846;2023;B Gezondheidswetenschappen;DEMO;Niet gestart;;;;;
10847;2023;B Gezondheidswetenschappen;DEMO;Niet gestart;;;;;
10848;2023;B Gezondheidswetenschappen;DEMO;Niet gestart;;;;;
10849;2023;B Gezondheidswetenschappen;DEMO;Doorgestroomd naar jaar 2;vrouw;westerse achtergrond;vwo profiel natuur & gezondheid;6.8;direct
10850;2023;B Gezondheidswetenschappen;DEMO;Niet gestart;;;;;
10851;2023;B Gezondheidswetenschappen;DEMO;Niet gestart;;;;;
10852;2023;B Gezondheidswetenschappen;DEMO;Niet gestart;;;;;
10853;2023;B Gezondheidswetenschappen;DEMO;Niet gestart;;;;;
10854;2023;B Gezondheidswetenschappen;DEMO;Gestart, niet naar jaar 2;man;overig niet-westers;vwo profiel natuur & gezondheid;6.8;direct
10855;2023;B Gezondheidswetenschappen;DEMO;Niet gestart;;;;;
10856;2023;B Gezondheidswetenschappen;DEMO;Niet gestart;;;;;
10857;2023;B Gezondheidswetenschappen;DEMO;Gestart, niet naar jaar 2;man;Nederland;vwo profiel natuur & gezondheid;6.3;direct
10858;2023;B Gezondheidswetenschappen;DEMO;Doorgestroomd naar jaar 2;vrouw;Nederland;vwo profiel natuur & gezondheid;7.2;tussenjaar
10859;2023;B Gezondheidswetenschappen;DEMO;Niet gestart;;;;;
10860;2023;B Gezondheidswetenschappen;DEMO;Niet gestart;;;;;
10861;2023;B Gezondheidswetenschappen;DEMO;Doorgestroomd naar jaar 2;vrouw;Suriname/Antillen;vwo profiel natuur & gezondheid;6.9;direct
10862;2023;B Gezondheidswetenschappen;DEMO;Niet gestart;;;;;
10863;2023;B Gezondheidswetenschappen;DEMO;Doorgestroomd naar jaar 2;vrouw;Nederland;vwo profiel natuur & gezondheid;6.9;direct
10864;2023;B Gezondheidswetenschappen;DEMO;Doorgestroomd naar jaar 2;vrouw;Nederland;vwo profiel natuur & gezondheid;7.2;tussenjaar
10865;2023;B Gezondheidswetenschappen;DEMO;Doorgestroomd naar jaar 2;vrouw;Nederland;vwo profiel natuur & techniek;7.0;tussenjaar
10866;2023;B Gezondheidswetenschappen;DEMO;Niet gestart;;;;;
10867;2023;B Gezondheidswetenschappen;DEMO;Doorgestroomd naar jaar 2;vrouw;Nederland;vwo profiel cultuur & maatschappij;8.1;direct
10868;2023;B Gezondheidswetenschappen;DEMO;Niet gestart;;;;;
10869;2023;B Gezondheidswetenschappen;DEMO;Niet gestart;;;;;
10870;2023;B Gezondheidswetenschappen;DEMO;Niet gestart;;;;;
10871;2023;B Gezondheidswetenschappen;DEMO;Niet gestart;;;;;
10872;2023;B Gezondheidswetenschappen;DEMO;Doorgestroomd naar jaar 2;vrouw;Nederland;hbo-propedeuse;7.1;switcher
10873;2023;B Gezondheidswetenschappen;DEMO;Niet gestart;;;;;
10874;2023;B Gezondheidswetenschappen;DEMO;Niet gestart;;;;;
10875;2023;B Gezondheidswetenschappen;DEMO;Niet gestart;;;;;
10876;2023;B Gezondheidswetenschappen;DEMO;Doorgestroomd naar jaar 2;vrouw;Nederland;vwo profiel cultuur & maatschappij;7.4;tussenjaar
10877;2023;B Gezondheidswetenschappen;DEMO;Niet gestart;;;;;
10878;2023;B Gezondheidswetenschappen;DEMO;Niet gestart;;;;;
10879;2023;B Gezondheidswetenschappen;DEMO;Doorgestroomd naar jaar 2;vrouw;Nederland;vwo profiel natuur & gezondheid;7.4;direct
10880;2023;B Gezondheidswetenschappen;DEMO;Niet gestart;;;;;
10881;2023;B Gezondheidswetenschappen;DEMO;Niet gestart;;;;;
10882;2023;B Gezondheidswetenschappen;DEMO;Niet gestart;;;;;
10883;2023;B Gezondheidswetenschappen;DEMO;Niet gestart;;;;;
10884;2023;B Gezondheidswetenschappen;DEMO;Niet gestart;;;;;
10885;2023;B Gezondheidswetenschappen;DEMO;Niet gestart;;;;;
10886;2023;B Gezondheidswetenschappen;DEMO;Gestart, niet naar jaar 2;man;Nederland;vwo profiel natuur & gezondheid;6.8;tussenjaar
10887;2023;B Gezondheidswetenschappen;DEMO;Doorgestroomd naar jaar 2;vrouw;Nederland;vwo profiel natuur & gezondheid;7.5;direct
10888;2023;B Gezondheidswetenschappen;DEMO;Niet gestart;;;;;
10889;2023;B Gezondheidswetenschappen;DEMO;Niet gestart;;;;;
10890;2023;B Gezondheidswetenschappen;DEMO;Niet gestart;;;;;
10891;2023;B Gezondheidswetenschappen;DEMO;Niet gestart;;;;;
10892;2023;B Gezondheidswetenschappen;DEMO;Niet gestart;;;;;
10893;2023;B Gezondheidswetenschappen;DEMO;Doorgestroomd naar jaar 2;man;Nederland;vwo profiel cultuur & maatschappij;6.8;tussenjaar
10894;2023;B Gezondheidswetenschappen;DEMO;Niet gestart;;;;;
10895;2023;B Gezondheidswetenschappen;DEMO;Niet gestart;;;;;
10896;2023;B Gezondheidswetenschappen;DEMO;Niet gestart;;;;;
10897;2023;B Gezondheidswetenschappen;DEMO;Niet gestart;;;;;
10898;2023;B Gezondheidswetenschappen;DEMO;Niet gestart;;;;;
10899;2023;B Gezondheidswetenschappen;DEMO;Doorgestroomd naar jaar 2;vrouw;Nederland;vwo profiel economie & maatschappij;7.0;tussenjaar
10900;2023;B Gezondheidswetenschappen;DEMO;Niet gestart;;;;;
10901;2023;B Gezondheidswetenschappen;DEMO;Niet gestart;;;;;
10902;2023;B Gezondheidswetenschappen;DEMO;Niet gestart;;;;;
10903;2023;B Gezondheidswetenschappen;DEMO;Niet gestart;;;;;
10904;2023;B Gezondheidswetenschappen;DEMO;Niet gestart;;;;;
10905;2023;B Gezondheidswetenschappen;DEMO;Gestart, niet naar jaar 2;man;Nederland;vwo profiel cultuur & maatschappij;7.5;direct
10906;2023;B Gezondheidswetenschappen;DEMO;Niet gestart;;;;;
10907;2023;B Gezondheidswetenschappen;DEMO;Niet gestart;;;;;
10908;2023;B Gezondheidswetenschappen;DEMO;Niet gestart;;;;;
10909;2023;B Gezondheidswetenschappen;DEMO;Niet gestart;;;;;
10910;2023;B Gezondheidswetenschappen;DEMO;Niet gestart;;;;;
10911;2023;B Gezondheidswetenschappen;DEMO;Doorgestroomd naar jaar 2;man;Nederland;vwo profiel natuur & gezondheid;7.3;tussenjaar
10912;2023;B Gezondheidswetenschappen;DEMO;Niet gestart;;;;;
10913;2023;B Gezondheidswetenschappen;DEMO;Doorgestroomd naar jaar 2;vrouw;Nederland;vwo profiel natuur & gezondheid;6.9;direct
10914;2023;B Gezondheidswetenschappen;DEMO;Niet gestart;;;;;
10915;2023;B Gezondheidswetenschappen;DEMO;Niet gestart;;;;;
10916;2023;B Gezondheidswetenschappen;DEMO;Niet gestart;;;;;
10917;2023;B Gezondheidswetenschappen;DEMO;Niet gestart;;;;;
10918;2023;B Gezondheidswetenschappen;DEMO;Niet gestart;;;;;
10919;2023;B Gezondheidswetenschappen;DEMO;Niet gestart;;;;;
10920;2023;B Gezondheidswetenschappen;DEMO;Niet gestart;;;;;
10921;2023;B Gezondheidswetenschappen;DEMO;Niet gestart;;;;;
10922;2023;B Gezondheidswetenschappen;DEMO;Niet gestart;;;;;
10923;2023;B Gezondheidswetenschappen;DEMO;Niet gestart;;;;;
10924;2023;B Gezondheidswetenschappen;DEMO;Niet gestart;;;;;
10925;2023;B Gezondheidswetenschappen;DEMO;Niet gestart;;;;;
10926;2023;B Gezondheidswetenschappen;DEMO;Niet gestart;;;;;
10927;2023;B Gezondheidswetenschappen;DEMO;Niet gestart;;;;;
10928;2023;B Gezondheidswetenschappen;DEMO;Gestart, niet naar jaar 2;vrouw;Nederland;vwo profiel natuur & gezondheid;6.8;direct
10929;2023;B Gezondheidswetenschappen;DEMO;Niet gestart;;;;;
10930;2023;B Gezondheidswetenschappen;DEMO;Niet gestart;;;;;
10931;2023;B Gezondheidswetenschappen;DEMO;Doorgestroomd naar jaar 2;man;Nederland;vwo profiel natuur & gezondheid;7.2;direct
10932;2023;B Gezondheidswetenschappen;DEMO;Niet gestart;;;;;
10933;2023;B Gezondheidswetenschappen;DEMO;Doorgestroomd naar jaar 2;man;Nederland;vwo profiel natuur & techniek;6.3;direct
10934;2023;B Gezondheidswetenschappen;DEMO;Niet gestart;;;;;
10935;2023;B Gezondheidswetenschappen;DEMO;Doorgestroomd naar jaar 2;man;Nederland;vwo profiel cultuur & maatschappij;6.2;direct
10936;2023;B Gezondheidswetenschappen;DEMO;Niet gestart;;;;;
10937;2023;B Gezondheidswetenschappen;DEMO;Doorgestroomd naar jaar 2;vrouw;Nederland;vwo profiel cultuur & maatschappij;7.6;tussenjaar
10938;2023;B Gezondheidswetenschappen;DEMO;Niet gestart;;;;;
10939;2023;B Gezondheidswetenschappen;DEMO;Niet gestart;;;;;
10940;2023;B Gezondheidswetenschappen;DEMO;Niet gestart;;;;;
10941;2023;B Gezondheidswetenschappen;DEMO;Niet gestart;;;;;
10942;2023;B Gezondheidswetenschappen;DEMO;Niet gestart;;;;;
10943;2023;B Gezondheidswetenschappen;DEMO;Niet gestart;;;;;
10944;2023;B Gezondheidswetenschappen;DEMO;Niet gestart;;;;;
10945;2023;B Gezondheidswetenschappen;DEMO;Niet gestart;;;;;
10946;2023;B Gezondheidswetenschappen;DEMO;Niet gestart;;;;;
10947;2023;B Gezondheidswetenschappen;DEMO;Niet gestart;;;;;
10948;2023;B Gezondheidswetenschappen;DEMO;Gestart, niet naar jaar 2;man;westerse achtergrond;vwo profiel natuur & gezondheid;6.8;direct
10949;2023;B Gezondheidswetenschappen;DEMO;Niet gestart;;;;;
10950;2023;B Gezondheidswetenschappen;DEMO;Niet gestart;;;;;
10951;2023;B Gezondheidswetenschappen;DEMO;Doorgestroomd naar jaar 2;man;Nederland;vwo profiel natuur & gezondheid;7.0;direct
10952;2023;B Gezondheidswetenschappen;DEMO;Niet gestart;;;;;
10953;2023;B Gezondheidswetenschappen;DEMO;Niet gestart;;;;;
10954;2023;B Gezondheidswetenschappen;DEMO;Niet gestart;;;;;
10955;2023;B Gezondheidswetenschappen;DEMO;Doorgestroomd naar jaar 2;vrouw;Turkije;vwo profiel cultuur & maatschappij;7.8;direct
10956;2023;B Gezondheidswetenschappen;DEMO;Niet gestart;;;;;
10957;2023;B Gezondheidswetenschappen;DEMO;Niet gestart;;;;;
10958;2023;B Gezondheidswetenschappen;DEMO;Niet gestart;;;;;
10959;2023;B Gezondheidswetenschappen;DEMO;Niet gestart;;;;;
10960;2023;B Gezondheidswetenschappen;DEMO;Niet gestart;;;;;
10961;2023;B Gezondheidswetenschappen;DEMO;Niet gestart;;;;;
10962;2023;B Gezondheidswetenschappen;DEMO;Niet gestart;;;;;
10963;2023;B Gezondheidswetenschappen;DEMO;Doorgestroomd naar jaar 2;man;Nederland;vwo profiel natuur & techniek;7.3;tussenjaar
10964;2023;B Gezondheidswetenschappen;DEMO;Gestart, niet naar jaar 2;vrouw;Nederland;vwo profiel natuur & gezondheid;7.2;tussenjaar
10965;2023;B Gezondheidswetenschappen;DEMO;Niet gestart;;;;;
10966;2023;B Gezondheidswetenschappen;DEMO;Niet gestart;;;;;
10967;2023;B Gezondheidswetenschappen;DEMO;Niet gestart;;;;;
10968;2023;B Gezondheidswetenschappen;DEMO;Niet gestart;;;;;
10969;2023;B Gezondheidswetenschappen;DEMO;Niet gestart;;;;;
10970;2023;B Gezondheidswetenschappen;DEMO;Niet gestart;;;;;
10971;2023;B Gezondheidswetenschappen;DEMO;Niet gestart;;;;;
10972;2023;B Gezondheidswetenschappen;DEMO;Niet gestart;;;;;
10973;2023;B Gezondheidswetenschappen;DEMO;Niet gestart;;;;;
10974;2023;B Gezondheidswetenschappen;DEMO;Gestart, niet naar jaar 2;vrouw;Nederland;vwo profiel natuur & gezondheid;8.1;tussenjaar
10975;2023;B Gezondheidswetenschappen;DEMO;Niet gestart;;;;;
10976;2023;B Gezondheidswetenschappen;DEMO;Niet gestart;;;;;
10977;2023;B Gezondheidswetenschappen;DEMO;Doorgestroomd naar jaar 2;vrouw;Nederland;vwo profiel natuur & techniek;6.8;direct
10978;2023;B Gezondheidswetenschappen;DEMO;Doorgestroomd naar jaar 2;vrouw;overig niet-westers;vwo profiel natuur & gezondheid;7.5;direct
10979;2023;B Gezondheidswetenschappen;DEMO;Niet gestart;;;;;
10980;2023;B Gezondheidswetenschappen;DEMO;Niet gestart;;;;;
10981;2023;B Gezondheidswetenschappen;DEMO;Niet gestart;;;;;
10982;2023;B Gezondheidswetenschappen;DEMO;Niet gestart;;;;;
10983;2023;B Gezondheidswetenschappen;DEMO;Gestart, niet naar jaar 2;vrouw;Nederland;vwo profiel natuur & gezondheid;8.0;tussenjaar
10984;2023;B Gezondheidswetenschappen;DEMO;Niet gestart;;;;;
10985;2023;B Gezondheidswetenschappen;DEMO;Niet gestart;;;;;
10986;2023;B Gezondheidswetenschappen;DEMO;Niet gestart;;;;;
10987;2023;B Gezondheidswetenschappen;DEMO;Niet gestart;;;;;
10988;2023;B Gezondheidswetenschappen;DEMO;Niet gestart;;;;;
10989;2023;B Gezondheidswetenschappen;DEMO;Niet gestart;;;;;
10990;2023;B Gezondheidswetenschappen;DEMO;Niet gestart;;;;;
10991;2023;B Gezondheidswetenschappen;DEMO;Niet gestart;;;;;
10992;2023;B Gezondheidswetenschappen;DEMO;Niet gestart;;;;;
10993;2023;B Gezondheidswetenschappen;DEMO;Niet gestart;;;;;
10994;2023;B Gezondheidswetenschappen;DEMO;Niet gestart;;;;;
10995;2023;B Gezondheidswetenschappen;DEMO;Niet gestart;;;;;
10996;2023;B Gezondheidswetenschappen;DEMO;Gestart, niet naar jaar 2;man;Nederland;hbo-propedeuse;5.5;switcher
10997;2023;B Gezondheidswetenschappen;DEMO;Niet gestart;;;;;
10998;2023;B Gezondheidswetenschappen;DEMO;Niet gestart;;;;;
10999;2023;B Gezondheidswetenschappen;DEMO;Gestart, niet naar jaar 2;vrouw;Nederland;vwo profiel economie & maatschappij;6.0;direct
11000;2023;B Gezondheidswetenschappen;DEMO;Niet gestart;;;;;
11001;2023;B Gezondheidswetenschappen;DEMO;Niet gestart;;;;;
11002;2023;B Gezondheidswetenschappen;DEMO;Doorgestroomd naar jaar 2;vrouw;Nederland;vwo profiel natuur & gezondheid;7.6;direct
11003;2023;B Gezondheidswetenschappen;DEMO;Niet gestart;;;;;
11004;2023;B Gezondheidswetenschappen;DEMO;Niet gestart;;;;;
11005;2023;B Gezondheidswetenschappen;DEMO;Niet gestart;;;;;
11006;2023;B Gezondheidswetenschappen;DEMO;Gestart, niet naar jaar 2;man;Nederland;vwo profiel cultuur & maatschappij;7.3;direct
11007;2023;B Gezondheidswetenschappen;DEMO;Niet gestart;;;;;
11008;2023;B Gezondheidswetenschappen;DEMO;Niet gestart;;;;;
11009;2023;B Gezondheidswetenschappen;DEMO;Niet gestart;;;;;
11010;2023;B Gezondheidswetenschappen;DEMO;Niet gestart;;;;;
11011;2023;B Gezondheidswetenschappen;DEMO;Niet gestart;;;;;
11012;2023;B Gezondheidswetenschappen;DEMO;Niet gestart;;;;;
11013;2023;B Gezondheidswetenschappen;DEMO;Niet gestart;;;;;
11014;2023;B Gezondheidswetenschappen;DEMO;Niet gestart;;;;;
11015;2023;B Gezondheidswetenschappen;DEMO;Doorgestroomd naar jaar 2;vrouw;Nederland;vwo profiel natuur & techniek;6.5;direct
11016;2023;B Gezondheidswetenschappen;DEMO;Doorgestroomd naar jaar 2;vrouw;Nederland;vwo profiel economie & maatschappij;6.7;direct
11017;2023;B Gezondheidswetenschappen;DEMO;Niet gestart;;;;;
11018;2023;B Gezondheidswetenschappen;DEMO;Doorgestroomd naar jaar 2;man;Nederland;vwo profiel natuur & gezondheid;6.3;direct
11019;2023;B Gezondheidswetenschappen;DEMO;Niet gestart;;;;;
11020;2023;B Gezondheidswetenschappen;DEMO;Niet gestart;;;;;
11021;2023;B Gezondheidswetenschappen;DEMO;Doorgestroomd naar jaar 2;vrouw;overig niet-westers;vwo profiel economie & maatschappij;6.1;tussenjaar
11022;2023;B Gezondheidswetenschappen;DEMO;Niet gestart;;;;;
11023;2023;B Gezondheidswetenschappen;DEMO;Niet gestart;;;;;
11024;2023;B Gezondheidswetenschappen;DEMO;Doorgestroomd naar jaar 2;vrouw;Nederland;vwo profiel natuur & techniek;7.4;tussenjaar
11025;2023;B Gezondheidswetenschappen;DEMO;Niet gestart;;;;;
11026;2023;B Gezondheidswetenschappen;DEMO;Doorgestroomd naar jaar 2;man;westerse achtergrond;hbo-propedeuse;6.3;switcher
11027;2023;B Gezondheidswetenschappen;DEMO;Niet gestart;;;;;
11028;2023;B Gezondheidswetenschappen;DEMO;Doorgestroomd naar jaar 2;vrouw;Nederland;hbo-propedeuse;7.5;switcher
11029;2023;B Gezondheidswetenschappen;DEMO;Niet gestart;;;;;
11030;2023;B Gezondheidswetenschappen;DEMO;Niet gestart;;;;;
11031;2023;B Gezondheidswetenschappen;DEMO;Gestart, niet naar jaar 2;vrouw;Nederland;vwo profiel economie & maatschappij;5.8;direct
11032;2023;B Gezondheidswetenschappen;DEMO;Niet gestart;;;;;
11033;2023;B Gezondheidswetenschappen;DEMO;Niet gestart;;;;;
11034;2023;B Gezondheidswetenschappen;DEMO;Niet gestart;;;;;
11035;2023;B Gezondheidswetenschappen;DEMO;Doorgestroomd naar jaar 2;vrouw;Nederland;vwo profiel natuur & gezondheid;8.1;tussenjaar
11036;2023;B Gezondheidswetenschappen;DEMO;Niet gestart;;;;;
11037;2023;B Gezondheidswetenschappen;DEMO;Niet gestart;;;;;
11038;2023;B Gezondheidswetenschappen;DEMO;Niet gestart;;;;;
11039;2023;B Gezondheidswetenschappen;DEMO;Niet gestart;;;;;
11040;2023;B Gezondheidswetenschappen;DEMO;Niet gestart;;;;;
11041;2023;B Gezondheidswetenschappen;DEMO;Niet gestart;;;;;
11042;2023;B Gezondheidswetenschappen;DEMO;Niet gestart;;;;;
11043;2023;B Gezondheidswetenschappen;DEMO;Gestart, niet naar jaar 2;vrouw;Nederland;vwo profiel cultuur & maatschappij;6.3;tussenjaar
11044;2023;B Gezondheidswetenschappen;DEMO;Gestart, niet naar jaar 2;man;Nederland;vwo profiel cultuur & maatschappij;7.7;direct
11045;2023;B Gezondheidswetenschappen;DEMO;Niet gestart;;;;;
11046;2023;B Gezondheidswetenschappen;DEMO;Gestart, niet naar jaar 2;man;Nederland;vwo profiel natuur & gezondheid;6.9;direct
11047;2023;B Gezondheidswetenschappen;DEMO;Gestart, niet naar jaar 2;man;Nederland;vwo profiel natuur & techniek;7.8;direct
11048;2023;B Gezondheidswetenschappen;DEMO;Niet gestart;;;;;
11049;2023;B Gezondheidswetenschappen;DEMO;Niet gestart;;;;;
11050;2023;B Gezondheidswetenschappen;DEMO;Gestart, niet naar jaar 2;vrouw;Nederland;vwo profiel natuur & gezondheid;6.5;direct
11051;2023;B Gezondheidswetenschappen;DEMO;Niet gestart;;;;;
11052;2023;B Gezondheidswetenschappen;DEMO;Niet gestart;;;;;
11053;2023;B Gezondheidswetenschappen;DEMO;Niet gestart;;;;;
11054;2023;B Gezondheidswetenschappen;DEMO;Doorgestroomd naar jaar 2;vrouw;Nederland;vwo profiel cultuur & maatschappij;6.9;tussenjaar
11055;2023;B Gezondheidswetenschappen;DEMO;Niet gestart;;;;;
11056;2023;B Gezondheidswetenschappen;DEMO;Niet gestart;;;;;
11057;2023;B Gezondheidswetenschappen;DEMO;Niet gestart;;;;;
11058;2023;B Gezondheidswetenschappen;DEMO;Niet gestart;;;;;
11059;2023;B Gezondheidswetenschappen;DEMO;Niet gestart;;;;;
11060;2023;B Gezondheidswetenschappen;DEMO;Niet gestart;;;;;
11061;2023;B Gezondheidswetenschappen;DEMO;Niet gestart;;;;;
11062;2023;B Gezondheidswetenschappen;DEMO;Doorgestroomd naar jaar 2;man;Nederland;vwo profiel cultuur & maatschappij;7.0;direct
11063;2023;B Gezondheidswetenschappen;DEMO;Niet gestart;;;;;
11064;2023;B Gezondheidswetenschappen;DEMO;Niet gestart;;;;;
11065;2023;B Gezondheidswetenschappen;DEMO;Niet gestart;;;;;
11066;2023;B Gezondheidswetenschappen;DEMO;Gestart, niet naar jaar 2;vrouw;Nederland;vwo profiel natuur & techniek;7.9;direct
11067;2023;B Gezondheidswetenschappen;DEMO;Niet gestart;;;;;
11068;2023;B Gezondheidswetenschappen;DEMO;Doorgestroomd naar jaar 2;man;Nederland;vwo profiel natuur & techniek;7.3;direct
11069;2023;B Gezondheidswetenschappen;DEMO;Niet gestart;;;;;
11070;2023;B Gezondheidswetenschappen;DEMO;Gestart, niet naar jaar 2;vrouw;Nederland;vwo profiel cultuur & maatschappij;6.9;tussenjaar
11071;2023;B Gezondheidswetenschappen;DEMO;Doorgestroomd naar jaar 2;vrouw;Nederland;vwo profiel economie & maatschappij;6.7;tussenjaar
11072;2023;B Gezondheidswetenschappen;DEMO;Doorgestroomd naar jaar 2;vrouw;Nederland;vwo profiel natuur & gezondheid;8.0;direct
11073;2023;B Gezondheidswetenschappen;DEMO;Niet gestart;;;;;
11074;2023;B Gezondheidswetenschappen;DEMO;Doorgestroomd naar jaar 2;man;Nederland;vwo profiel natuur & gezondheid;7.2;direct
11075;2023;B Gezondheidswetenschappen;DEMO;Niet gestart;;;;;
11076;2023;B Gezondheidswetenschappen;DEMO;Niet gestart;;;;;
11077;2023;B Gezondheidswetenschappen;DEMO;Doorgestroomd naar jaar 2;vrouw;Nederland;vwo profiel natuur & gezondheid;6.8;tussenjaar
11078;2023;B Gezondheidswetenschappen;DEMO;Niet gestart;;;;;
11079;2023;B Gezondheidswetenschappen;DEMO;Doorgestroomd naar jaar 2;man;Suriname/Antillen;vwo profiel economie & maatschappij;7.2;direct
11080;2023;B Gezondheidswetenschappen;DEMO;Niet gestart;;;;;
11081;2023;B Gezondheidswetenschappen;DEMO;Gestart, niet naar jaar 2;vrouw;overig niet-westers;vwo profiel natuur & gezondheid;6.8;direct
11082;2023;B Gezondheidswetenschappen;DEMO;Niet gestart;;;;;
11083;2023;B Gezondheidswetenschappen;DEMO;Niet gestart;;;;;
11084;2023;B Gezondheidswetenschappen;DEMO;Doorgestroomd naar jaar 2;vrouw;Nederland;vwo profiel natuur & gezondheid;8.3;direct
11085;2023;B Gezondheidswetenschappen;DEMO;Niet gestart;;;;;
11086;2023;B Gezondheidswetenschappen;DEMO;Niet gestart;;;;;
11087;2023;B Gezondheidswetenschappen;DEMO;Niet gestart;;;;;
11088;2023;B Gezondheidswetenschappen;DEMO;Niet gestart;;;;;
11089;2023;B Gezondheidswetenschappen;DEMO;Niet gestart;;;;;
11090;2023;B Gezondheidswetenschappen;DEMO;Niet gestart;;;;;
11091;2023;B Gezondheidswetenschappen;DEMO;Niet gestart;;;;;
11092;2023;B Gezondheidswetenschappen;DEMO;Gestart, niet naar jaar 2;vrouw;Nederland;vwo profiel economie & maatschappij;8.2;direct
11093;2023;B Gezondheidswetenschappen;DEMO;Gestart, niet naar jaar 2;man;Nederland;vwo profiel economie & maatschappij;6.6;direct
11094;2023;B Gezondheidswetenschappen;DEMO;Niet gestart;;;;;
11095;2023;B Gezondheidswetenschappen;DEMO;Niet gestart;;;;;
11096;2023;B Gezondheidswetenschappen;DEMO;Niet gestart;;;;;
11097;2023;B Gezondheidswetenschappen;DEMO;Doorgestroomd naar jaar 2;man;Nederland;vwo profiel natuur & techniek;6.7;tussenjaar
11098;2023;B Gezondheidswetenschappen;DEMO;Niet gestart;;;;;
11099;2023;B Gezondheidswetenschappen;DEMO;Niet gestart;;;;;
11100;2023;B Gezondheidswetenschappen;DEMO;Gestart, niet naar jaar 2;man;Nederland;vwo profiel economie & maatschappij;6.8;direct
11101;2023;B Gezondheidswetenschappen;DEMO;Niet gestart;;;;;
11102;2023;B Gezondheidswetenschappen;DEMO;Niet gestart;;;;;
11103;2023;B Gezondheidswetenschappen;DEMO;Gestart, niet naar jaar 2;man;Nederland;vwo profiel natuur & gezondheid;6.1;tussenjaar
11104;2023;B Gezondheidswetenschappen;DEMO;Niet gestart;;;;;
11105;2023;B Gezondheidswetenschappen;DEMO;Niet gestart;;;;;
11106;2023;B Gezondheidswetenschappen;DEMO;Niet gestart;;;;;
11107;2023;B Gezondheidswetenschappen;DEMO;Niet gestart;;;;;
11108;2023;B Gezondheidswetenschappen;DEMO;Niet gestart;;;;;
11109;2023;B Gezondheidswetenschappen;DEMO;Niet gestart;;;;;
11110;2023;B Gezondheidswetenschappen;DEMO;Niet gestart;;;;;
11111;2023;B Gezondheidswetenschappen;DEMO;Gestart, niet naar jaar 2;man;Nederland;vwo profiel natuur & gezondheid;7.2;tussenjaar
11112;2023;B Gezondheidswetenschappen;DEMO;Doorgestroomd naar jaar 2;vrouw;Nederland;vwo profiel natuur & gezondheid;6.5;direct
11113;2023;B Gezondheidswetenschappen;DEMO;Doorgestroomd naar jaar 2;man;Nederland;vwo profiel natuur & techniek;7.8;direct
11114;2023;B Gezondheidswetenschappen;DEMO;Doorgestroomd naar jaar 2;vrouw;Nederland;vwo profiel natuur & techniek;6.6;direct
11115;2023;B Gezondheidswetenschappen;DEMO;Gestart, niet naar jaar 2;vrouw;Nederland;hbo-propedeuse;6.5;switcher
11116;2023;B Gezondheidswetenschappen;DEMO;Niet gestart;;;;;
11117;2023;B Gezondheidswetenschappen;DEMO;Niet gestart;;;;;
11118;2023;B Gezondheidswetenschappen;DEMO;Niet gestart;;;;;
11119;2023;B Gezondheidswetenschappen;DEMO;Doorgestroomd naar jaar 2;vrouw;Nederland;vwo profiel economie & maatschappij;6.0;tussenjaar
11120;2023;B Gezondheidswetenschappen;DEMO;Doorgestroomd naar jaar 2;vrouw;Nederland;vwo profiel natuur & gezondheid;7.1;direct
11121;2023;B Gezondheidswetenschappen;DEMO;Niet gestart;;;;;
11122;2023;B Gezondheidswetenschappen;DEMO;Niet gestart;;;;;
11123;2023;B Gezondheidswetenschappen;DEMO;Niet gestart;;;;;
11124;2023;B Gezondheidswetenschappen;DEMO;Niet gestart;;;;;
11125;2023;B Gezondheidswetenschappen;DEMO;Doorgestroomd naar jaar 2;man;Nederland;vwo profiel natuur & techniek;8.0;direct
11126;2023;B Gezondheidswetenschappen;DEMO;Niet gestart;;;;;
11127;2023;B Gezondheidswetenschappen;DEMO;Gestart, niet naar jaar 2;man;Suriname/Antillen;vwo profiel natuur & gezondheid;6.4;tussenjaar
11128;2023;B Gezondheidswetenschappen;DEMO;Doorgestroomd naar jaar 2;man;Nederland;vwo profiel natuur & techniek;8.3;direct
11129;2023;B Gezondheidswetenschappen;DEMO;Doorgestroomd naar jaar 2;man;Nederland;hbo-propedeuse;6.1;switcher
11130;2023;B Gezondheidswetenschappen;DEMO;Niet gestart;;;;;
11131;2023;B Gezondheidswetenschappen;DEMO;Niet gestart;;;;;
11132;2023;B Gezondheidswetenschappen;DEMO;Niet gestart;;;;;
11133;2023;B Gezondheidswetenschappen;DEMO;Niet gestart;;;;;
11134;2023;B Gezondheidswetenschappen;DEMO;Doorgestroomd naar jaar 2;vrouw;Nederland;vwo profiel natuur & gezondheid;7.8;direct
11135;2023;B Gezondheidswetenschappen;DEMO;Niet gestart;;;;;
11136;2023;B Gezondheidswetenschappen;DEMO;Doorgestroomd naar jaar 2;man;Nederland;hbo-propedeuse;6.9;switcher
11137;2023;B Gezondheidswetenschappen;DEMO;Niet gestart;;;;;
11138;2023;B Gezondheidswetenschappen;DEMO;Niet gestart;;;;;
11139;2023;B Gezondheidswetenschappen;DEMO;Niet gestart;;;;;
11140;2023;B Gezondheidswetenschappen;DEMO;Niet gestart;;;;;
11141;2023;B Gezondheidswetenschappen;DEMO;Gestart, niet naar jaar 2;vrouw;Turkije;vwo profiel cultuur & maatschappij;7.7;direct
11142;2023;B Gezondheidswetenschappen;DEMO;Niet gestart;;;;;
11143;2023;B Gezondheidswetenschappen;DEMO;Niet gestart;;;;;
11144;2023;B Gezondheidswetenschappen;DEMO;Niet gestart;;;;;
11145;2023;B Gezondheidswetenschappen;DEMO;Niet gestart;;;;;
11146;2023;B Gezondheidswetenschappen;DEMO;Doorgestroomd naar jaar 2;vrouw;Suriname/Antillen;vwo profiel natuur & techniek;6.5;direct
11147;2023;B Gezondheidswetenschappen;DEMO;Niet gestart;;;;;
11148;2023;B Gezondheidswetenschappen;DEMO;Niet gestart;;;;;
11149;2023;B Gezondheidswetenschappen;DEMO;Doorgestroomd naar jaar 2;man;Nederland;anders;6.9;tussenjaar
11150;2023;B Gezondheidswetenschappen;DEMO;Doorgestroomd naar jaar 2;vrouw;Nederland;vwo profiel economie & maatschappij;6.8;direct
11151;2023;B Gezondheidswetenschappen;DEMO;Niet gestart;;;;;
